-- phpMyAdmin SQL Dump
-- version 5.2.0
-- https://www.phpmyadmin.net/
--
-- Хост: 127.0.0.1:3306
-- Время создания: Сен 14 2022 г., 15:24
-- Версия сервера: 10.8.4-MariaDB
-- Версия PHP: 7.4.30

SET SQL_MODE = "NO_AUTO_VALUE_ON_ZERO";
START TRANSACTION;
SET time_zone = "+00:00";


/*!40101 SET @OLD_CHARACTER_SET_CLIENT=@@CHARACTER_SET_CLIENT */;
/*!40101 SET @OLD_CHARACTER_SET_RESULTS=@@CHARACTER_SET_RESULTS */;
/*!40101 SET @OLD_COLLATION_CONNECTION=@@COLLATION_CONNECTION */;
/*!40101 SET NAMES utf8mb4 */;

--
-- База данных: `nisrating`
--

-- --------------------------------------------------------

--
-- Структура таблицы `actions`
--

CREATE TABLE `actions` (
  `id` int(11) NOT NULL,
  `action` varchar(100) COLLATE utf8mb4_unicode_ci NOT NULL
) ENGINE=InnoDB DEFAULT CHARSET=utf8mb4 COLLATE=utf8mb4_unicode_ci;

--
-- Дамп данных таблицы `actions`
--

INSERT INTO `actions` (`id`, `action`) VALUES
(1, 'Добавить балл'),
(2, 'Добавить пользователя'),
(3, 'Отклонить предложение'),
(4, 'Принять предложение'),
(5, 'Отнять балл'),
(6, 'Удалить пользователя');

-- --------------------------------------------------------

--
-- Структура таблицы `categories`
--

CREATE TABLE `categories` (
  `id` int(11) NOT NULL,
  `category` varchar(100) COLLATE utf8mb4_unicode_ci NOT NULL,
  `coefficient` float NOT NULL
) ENGINE=InnoDB DEFAULT CHARSET=utf8mb4 COLLATE=utf8mb4_unicode_ci;

--
-- Дамп данных таблицы `categories`
--

INSERT INTO `categories` (`id`, `category`, `coefficient`) VALUES
(1, 'Под эгидой НИШ/Школьный', 2),
(2, 'Под эгидой НИШ/Областной/Сетевой', 4),
(3, 'Под эгидой НИШ/Республиканский', 7),
(4, 'Под эгидой НИШ/Международный', 15),
(5, 'НЕ Под эгидой НИШ/Школьный', 0.5),
(6, 'НЕ Под эгидой НИШ/Областной ', 1),
(7, 'НЕ Под эгидой НИШ/Республиканский', 3),
(8, 'НЕ Под эгидой НИШ/Международный', 6);

-- --------------------------------------------------------

--
-- Структура таблицы `grades`
--

CREATE TABLE `grades` (
  `id` int(11) NOT NULL,
  `grade` varchar(10) COLLATE utf8mb4_unicode_ci NOT NULL,
  `letter` varchar(10) COLLATE utf8mb4_unicode_ci NOT NULL,
  `rating` double NOT NULL,
  `shanyrak` int(11) NOT NULL
) ENGINE=InnoDB DEFAULT CHARSET=utf8mb4 COLLATE=utf8mb4_unicode_ci;

--
-- Дамп данных таблицы `grades`
--

INSERT INTO `grades` (`id`, `grade`, `letter`, `rating`, `shanyrak`) VALUES
(1, '11', 'C', 60, 1),
(2, '12', 'B', 2470, 2),
(3, '8', 'D', 0, 4),
(4, '12', 'D', 0, 4),
(5, '8', 'A', 1980, 5),
(6, '10', 'A', 3210, 5),
(7, '9', 'D', 840, 6),
(8, '10', 'C', 2500, 6),
(9, '7', 'F', 80, 7),
(10, '12', 'A', 1990, 7),
(11, '10', 'F', 840, 8),
(12, '11', 'F', 2040, 8),
(13, '7', 'D', 0, 8),
(14, '7', 'A', 2060, 9),
(15, '10', 'D', 1460, 9),
(16, '8', 'E', 3990, 10),
(17, '11', 'E', 2280, 10),
(18, '9', 'A', 3035, 3),
(19, '11', 'A', 2460, 3),
(20, '8', 'B', 2100, 2),
(21, '7', 'C', 0, 11),
(22, '10', 'E', 0, 11),
(23, '7', 'E', 1020, 12),
(24, '10', 'B', 1800, 12),
(25, '7', 'B', 0, 13),
(26, '9', 'B', 0, 13),
(27, '9', 'C', 0, 1),
(28, '11', 'D', 960.00000000001, 14),
(29, '12', 'C', 180, 14),
(30, '8', 'C', 1980, 15),
(31, '11', 'B', 5610, 15);

-- --------------------------------------------------------

--
-- Структура таблицы `history`
--

CREATE TABLE `history` (
  `id` int(11) NOT NULL,
  `action` int(11) NOT NULL,
  `acted_to` int(11) NOT NULL,
  `type` enum('shanyrak','student','user') COLLATE utf8mb4_unicode_ci DEFAULT NULL,
  `created_at` timestamp NOT NULL DEFAULT current_timestamp() ON UPDATE current_timestamp(),
  `author` int(11) NOT NULL
) ENGINE=InnoDB DEFAULT CHARSET=utf8mb4 COLLATE=utf8mb4_unicode_ci;

--
-- Дамп данных таблицы `history`
--

INSERT INTO `history` (`id`, `action`, `acted_to`, `type`, `created_at`, `author`) VALUES
(1, 2, 10, 'user', '2019-12-14 15:23:00', 1),
(2, 1, 1, NULL, '2019-12-14 15:23:43', 10),
(3, 3, 1, 'student', '2019-12-14 15:24:04', 1),
(4, 6, 10, 'user', '2019-12-14 15:24:10', 1),
(5, 2, 11, 'user', '2019-12-14 15:26:28', 1),
(6, 6, 11, 'user', '2019-12-14 15:26:50', 1),
(7, 2, 12, 'user', '2019-12-14 16:24:22', 1),
(8, 2, 13, 'user', '2019-12-14 16:24:44', 1),
(9, 2, 14, 'user', '2019-12-14 16:25:02', 1),
(10, 2, 15, 'user', '2019-12-14 16:25:19', 1),
(11, 2, 16, 'user', '2019-12-14 16:26:18', 1),
(12, 2, 17, 'user', '2019-12-14 16:26:49', 1),
(13, 2, 18, 'user', '2019-12-14 16:27:09', 1),
(14, 2, 19, 'user', '2019-12-14 16:27:23', 1),
(15, 2, 20, 'user', '2019-12-14 16:27:44', 1),
(16, 2, 21, 'user', '2019-12-14 16:28:04', 1),
(17, 6, 13, 'user', '2019-12-14 16:28:35', 1),
(18, 6, 15, 'user', '2019-12-14 16:28:37', 1),
(19, 6, 17, 'user', '2019-12-14 16:28:39', 1),
(20, 6, 19, 'user', '2019-12-14 16:28:40', 1),
(21, 6, 21, 'user', '2019-12-14 16:28:41', 1),
(22, 2, 22, 'user', '2019-12-14 16:29:09', 1),
(23, 2, 23, 'user', '2019-12-14 16:29:28', 1),
(24, 2, 24, 'user', '2019-12-14 16:29:47', 1),
(25, 2, 25, 'user', '2019-12-14 16:30:03', 1),
(26, 2, 26, 'user', '2019-12-14 16:30:50', 1),
(27, 2, 27, 'user', '2019-12-14 16:31:02', 1),
(28, 2, 28, 'user', '2019-12-14 16:31:13', 1),
(29, 2, 29, 'user', '2019-12-14 16:31:28', 1),
(30, 2, 30, 'user', '2019-12-14 16:31:38', 1),
(31, 2, 31, 'user', '2019-12-14 16:32:33', 1),
(32, 1, 2, NULL, '2019-12-14 16:46:06', 1),
(33, 3, 2, 'student', '2019-12-14 16:46:17', 1),
(34, 2, 32, 'user', '2019-12-14 16:51:15', 1),
(35, 6, 32, 'user', '2019-12-14 16:52:06', 1),
(36, 2, 33, 'user', '2019-12-14 16:52:25', 1),
(37, 2, 34, 'user', '2019-12-14 18:01:37', 1),
(38, 2, 35, 'user', '2019-12-14 18:02:36', 1),
(39, 6, 35, 'user', '2019-12-14 18:03:03', 1),
(40, 2, 36, 'user', '2019-12-14 18:17:36', 1),
(41, 6, 36, 'user', '2019-12-14 18:24:15', 1),
(42, 2, 37, 'user', '2019-12-14 19:03:14', 1),
(43, 1, 2, NULL, '2019-12-14 20:12:59', 1),
(44, 1, 2, NULL, '2019-12-14 20:13:23', 1),
(45, 1, 2, NULL, '2019-12-14 20:13:58', 1),
(46, 3, 3, 'student', '2019-12-14 20:14:14', 1),
(47, 3, 4, 'student', '2019-12-14 20:14:15', 1),
(48, 3, 5, 'student', '2019-12-14 20:14:16', 1),
(49, 1, 1, NULL, '2019-12-14 20:16:44', 1),
(50, 3, 6, 'student', '2019-12-14 20:16:57', 1),
(51, 1, 1, NULL, '2019-12-14 20:17:17', 1),
(52, 3, 7, 'student', '2019-12-14 20:17:26', 1),
(53, 1, 2, NULL, '2019-12-15 07:42:50', 1),
(54, 3, 8, 'student', '2019-12-15 07:43:06', 1),
(55, 1, 497, NULL, '2019-12-15 12:09:13', 1),
(56, 1, 622, NULL, '2019-12-15 12:09:50', 1),
(57, 1, 70, NULL, '2019-12-15 12:10:11', 1),
(58, 1, 76, NULL, '2019-12-15 12:10:37', 1),
(59, 1, 218, NULL, '2019-12-15 12:11:00', 1),
(60, 3, 9, 'student', '2019-12-15 12:11:17', 1),
(61, 3, 10, 'student', '2019-12-15 12:11:18', 1),
(62, 3, 11, 'student', '2019-12-15 12:11:19', 1),
(63, 3, 12, 'student', '2019-12-15 12:11:19', 1),
(64, 3, 13, 'student', '2019-12-15 12:11:20', 1),
(65, 1, 560, NULL, '2019-12-15 12:55:03', 1),
(66, 3, 14, 'student', '2019-12-15 12:55:17', 1),
(67, 1, 1, NULL, '2019-12-15 12:55:49', 1),
(68, 3, 15, 'student', '2019-12-15 12:55:54', 1),
(69, 1, 458, NULL, '2019-12-15 13:07:41', 1),
(70, 3, 16, 'student', '2019-12-15 13:07:44', 1),
(71, 1, 473, NULL, '2019-12-15 13:08:39', 1),
(72, 3, 17, 'student', '2019-12-15 13:08:49', 1),
(73, 1, 473, NULL, '2019-12-15 13:12:18', 1),
(74, 3, 473, 'student', '2019-12-15 13:16:03', 1),
(75, 1, 481, NULL, '2019-12-15 13:17:02', 1),
(76, 3, 481, 'student', '2019-12-15 13:17:13', 1),
(77, 1, 560, NULL, '2019-12-15 13:22:18', 1),
(78, 3, 560, 'student', '2019-12-15 13:22:28', 1),
(79, 1, 481, NULL, '2019-12-15 13:30:43', 31),
(80, 4, 481, 'student', '2019-12-15 13:32:16', 1),
(81, 1, 356, NULL, '2019-12-15 13:41:03', 1),
(82, 3, 356, 'student', '2019-12-15 13:41:09', 1),
(83, 1, 356, NULL, '2019-12-15 13:41:52', 27),
(84, 3, 356, 'student', '2019-12-15 13:42:05', 1),
(85, 1, 211, NULL, '2019-12-15 13:44:04', 1),
(86, 3, 211, 'student', '2019-12-15 13:44:17', 1),
(87, 1, 378, NULL, '2019-12-15 13:48:46', 16),
(88, 1, 378, NULL, '2019-12-15 13:54:50', 16),
(89, 4, 378, 'student', '2019-12-15 13:56:46', 1),
(90, 3, 378, 'student', '2019-12-15 14:03:40', 1),
(91, 3, 378, 'student', '2019-12-15 14:03:42', 1),
(92, 1, 378, NULL, '2019-12-15 14:04:59', 16),
(93, 4, 378, 'student', '2019-12-15 14:05:47', 1),
(94, 1, 377, NULL, '2019-12-15 14:10:15', 16),
(95, 4, 377, 'student', '2019-12-15 14:11:28', 1),
(96, 1, 377, NULL, '2019-12-15 14:13:43', 16),
(97, 1, 397, NULL, '2019-12-15 14:15:29', 16),
(98, 1, 384, NULL, '2019-12-15 14:20:36', 16),
(99, 1, 356, NULL, '2019-12-15 14:20:47', 27),
(100, 4, 356, 'student', '2019-12-15 14:24:33', 1),
(101, 4, 377, 'student', '2019-12-15 14:25:54', 1),
(102, 1, 384, NULL, '2019-12-15 14:28:22', 16),
(103, 3, 384, 'student', '2019-12-15 14:30:47', 1),
(104, 1, 384, NULL, '2019-12-15 14:30:50', 16),
(105, 3, 397, 'student', '2019-12-15 14:30:54', 1),
(106, 3, 384, 'student', '2019-12-15 14:31:01', 1),
(107, 3, 384, 'student', '2019-12-15 14:31:03', 1),
(108, 1, 397, NULL, '2019-12-15 14:32:53', 16),
(109, 4, 397, 'student', '2019-12-15 14:33:44', 1),
(110, 1, 384, NULL, '2019-12-15 14:34:23', 16),
(111, 4, 384, 'student', '2019-12-15 14:36:50', 1),
(112, 4, 384, 'student', '2019-12-15 14:41:30', 1),
(113, 1, 481, NULL, '2019-12-15 14:46:21', 1),
(114, 4, 481, 'student', '2019-12-15 14:46:26', 1),
(115, 1, 202, NULL, '2019-12-15 15:18:02', 31),
(116, 1, 195, NULL, '2019-12-15 15:19:00', 31),
(117, 4, 202, 'student', '2019-12-15 15:20:54', 1),
(118, 4, 195, 'student', '2019-12-15 15:20:54', 1),
(119, 1, 481, NULL, '2019-12-15 15:51:32', 31),
(120, 3, 481, 'student', '2019-12-15 15:52:10', 1),
(121, 1, 481, NULL, '2019-12-15 15:53:13', 31),
(122, 3, 481, 'student', '2019-12-15 15:54:24', 1),
(123, 1, 199, NULL, '2019-12-15 18:30:08', 31),
(124, 1, 199, NULL, '2019-12-15 18:31:17', 31),
(125, 4, 199, 'student', '2019-12-15 18:34:10', 1),
(126, 4, 199, 'student', '2019-12-15 18:34:11', 1),
(127, 1, 358, NULL, '2019-12-15 22:49:13', 1),
(128, 3, 358, 'student', '2019-12-15 22:49:20', 1),
(129, 1, 499, NULL, '2019-12-16 07:10:26', 9),
(130, 3, 499, 'student', '2019-12-16 07:13:44', 1),
(131, 1, 481, NULL, '2019-12-16 07:43:34', 31),
(132, 3, 481, 'student', '2019-12-16 07:44:18', 1),
(133, 1, 457, NULL, '2019-12-16 09:11:29', 1),
(134, 3, 457, 'student', '2019-12-16 09:11:51', 1),
(135, 1, 560, NULL, '2019-12-16 11:34:51', 1),
(136, 3, 560, 'student', '2019-12-16 11:35:00', 1),
(137, 1, 344, NULL, '2019-12-16 14:58:00', 14),
(138, 1, 344, NULL, '2019-12-16 14:58:07', 14),
(139, 3, 344, 'student', '2019-12-16 15:10:17', 1),
(140, 3, 344, 'student', '2019-12-16 15:13:06', 1),
(141, 1, 517, NULL, '2019-12-16 15:18:50', 30),
(142, 1, 517, NULL, '2019-12-16 15:19:18', 30),
(143, 4, 517, 'student', '2019-12-16 15:24:40', 1),
(144, 3, 517, 'student', '2019-12-16 15:24:50', 1),
(145, 1, 189, NULL, '2019-12-17 16:32:30', 31),
(146, 4, 189, 'student', '2019-12-17 17:08:02', 1),
(147, 1, 196, NULL, '2019-12-18 03:22:33', 31),
(148, 1, 206, NULL, '2019-12-18 03:23:18', 31),
(149, 1, 202, NULL, '2019-12-18 03:24:33', 31),
(150, 1, 195, NULL, '2019-12-18 03:25:16', 31),
(151, 1, 201, NULL, '2019-12-18 03:26:58', 31),
(152, 1, 206, NULL, '2019-12-18 03:27:52', 31),
(153, 1, 482, NULL, '2019-12-18 03:30:02', 31),
(154, 1, 483, NULL, '2019-12-18 03:30:59', 31),
(155, 1, 488, NULL, '2019-12-18 03:32:00', 31),
(156, 1, 477, NULL, '2019-12-18 03:33:08', 31),
(157, 1, 479, NULL, '2019-12-18 03:34:06', 31),
(158, 1, 489, NULL, '2019-12-18 03:34:48', 31),
(159, 1, 484, NULL, '2019-12-18 03:35:36', 31),
(160, 1, 482, NULL, '2019-12-18 03:36:46', 31),
(161, 1, 482, NULL, '2019-12-18 03:37:24', 31),
(162, 1, 489, NULL, '2019-12-18 03:38:18', 31),
(163, 1, 481, NULL, '2019-12-18 03:39:32', 31),
(164, 1, 488, NULL, '2019-12-18 03:40:17', 31),
(165, 4, 196, 'student', '2019-12-18 04:07:24', 1),
(166, 4, 206, 'student', '2019-12-18 04:07:28', 1),
(167, 4, 202, 'student', '2019-12-18 04:07:31', 1),
(168, 4, 195, 'student', '2019-12-18 04:07:35', 1),
(169, 4, 201, 'student', '2019-12-18 04:07:37', 1),
(170, 4, 206, 'student', '2019-12-18 04:07:39', 1),
(171, 4, 482, 'student', '2019-12-18 04:07:41', 1),
(172, 4, 483, 'student', '2019-12-18 04:07:44', 1),
(173, 4, 488, 'student', '2019-12-18 04:07:46', 1),
(174, 4, 477, 'student', '2019-12-18 04:07:49', 1),
(175, 4, 479, 'student', '2019-12-18 04:07:52', 1),
(176, 4, 489, 'student', '2019-12-18 04:07:55', 1),
(177, 4, 484, 'student', '2019-12-18 04:07:59', 1),
(178, 4, 482, 'student', '2019-12-18 04:08:02', 1),
(179, 4, 482, 'student', '2019-12-18 04:08:05', 1),
(180, 4, 489, 'student', '2019-12-18 04:08:07', 1),
(181, 4, 481, 'student', '2019-12-18 04:08:12', 1),
(182, 4, 488, 'student', '2019-12-18 04:08:14', 1),
(183, 1, 482, NULL, '2019-12-18 04:16:14', 31),
(184, 4, 482, 'student', '2019-12-18 04:50:31', 1),
(185, 1, 475, NULL, '2019-12-18 07:48:49', 1),
(186, 3, 475, 'student', '2019-12-18 07:48:55', 1),
(187, 1, 484, NULL, '2019-12-18 10:06:06', 31),
(188, 4, 484, 'student', '2019-12-18 10:07:15', 1),
(189, 1, 616, NULL, '2019-12-19 03:32:48', 30),
(190, 4, 616, 'student', '2019-12-19 03:39:57', 1),
(191, 1, 510, NULL, '2019-12-19 05:56:22', 30),
(192, 1, 512, NULL, '2019-12-19 05:56:53', 30),
(193, 1, 519, NULL, '2019-12-19 06:01:47', 30),
(194, 1, 520, NULL, '2019-12-19 06:03:14', 30),
(195, 1, 516, NULL, '2019-12-19 06:04:13', 30),
(196, 1, 516, NULL, '2019-12-19 06:10:50', 30),
(197, 1, 515, NULL, '2019-12-19 06:11:22', 30),
(198, 1, 522, NULL, '2019-12-19 06:11:41', 30),
(199, 1, 514, NULL, '2019-12-19 06:12:08', 30),
(200, 1, 521, NULL, '2019-12-19 06:12:33', 30),
(201, 1, 528, NULL, '2019-12-19 06:13:06', 30),
(202, 1, 517, NULL, '2019-12-19 06:13:48', 30),
(203, 4, 510, 'student', '2019-12-19 11:59:40', 1),
(204, 4, 512, 'student', '2019-12-19 11:59:42', 1),
(205, 4, 519, 'student', '2019-12-19 12:28:25', 1),
(206, 4, 520, 'student', '2019-12-19 12:28:46', 1),
(207, 4, 516, 'student', '2019-12-19 12:28:48', 1),
(208, 4, 516, 'student', '2019-12-19 12:28:50', 1),
(209, 4, 515, 'student', '2019-12-19 12:28:51', 1),
(210, 4, 522, 'student', '2019-12-19 12:28:53', 1),
(211, 4, 514, 'student', '2019-12-19 12:28:56', 1),
(212, 4, 521, 'student', '2019-12-19 12:28:58', 1),
(213, 4, 528, 'student', '2019-12-19 12:28:59', 1),
(214, 4, 517, 'student', '2019-12-19 12:29:01', 1),
(215, 1, 402, NULL, '2019-12-19 13:51:31', 22),
(216, 1, 402, NULL, '2019-12-19 14:02:36', 22),
(217, 3, 402, 'student', '2019-12-19 14:31:40', 1),
(218, 4, 402, 'student', '2019-12-19 14:31:50', 1),
(219, 1, 105, NULL, '2019-12-20 03:37:56', 27),
(220, 1, 105, NULL, '2019-12-20 03:39:12', 27),
(221, 1, 373, NULL, '2019-12-20 03:41:56', 27),
(222, 1, 373, NULL, '2019-12-20 03:42:53', 27),
(223, 1, 358, NULL, '2019-12-20 03:44:08', 27),
(224, 1, 357, NULL, '2019-12-20 03:45:10', 27),
(225, 1, 112, NULL, '2019-12-20 03:47:17', 27),
(226, 1, 101, NULL, '2019-12-20 03:49:38', 27),
(227, 1, 113, NULL, '2019-12-20 03:53:05', 27),
(228, 3, 105, 'student', '2019-12-20 03:53:54', 1),
(229, 4, 105, 'student', '2019-12-20 03:53:58', 1),
(230, 3, 373, 'student', '2019-12-20 03:54:03', 1),
(231, 4, 373, 'student', '2019-12-20 03:54:22', 1),
(232, 4, 358, 'student', '2019-12-20 03:54:28', 1),
(233, 4, 357, 'student', '2019-12-20 03:54:30', 1),
(234, 4, 112, 'student', '2019-12-20 03:54:42', 1),
(235, 4, 101, 'student', '2019-12-20 03:54:59', 1),
(236, 4, 113, 'student', '2019-12-20 03:55:21', 1),
(237, 1, 114, NULL, '2019-12-20 04:17:23', 27),
(238, 1, 372, NULL, '2019-12-20 04:18:59', 27),
(239, 1, 370, NULL, '2019-12-20 04:20:18', 27),
(240, 1, 364, NULL, '2019-12-20 04:27:01', 27),
(241, 1, 99, NULL, '2019-12-20 04:29:36', 27),
(242, 1, 359, NULL, '2019-12-20 04:34:05', 27),
(243, 4, 114, 'student', '2019-12-20 06:29:36', 1),
(244, 4, 372, 'student', '2019-12-20 06:29:46', 1),
(245, 4, 370, 'student', '2019-12-20 06:29:52', 1),
(246, 4, 364, 'student', '2019-12-20 06:29:58', 1),
(247, 4, 99, 'student', '2019-12-20 06:30:12', 1),
(248, 4, 359, 'student', '2019-12-20 06:30:20', 1),
(249, 1, 489, NULL, '2019-12-20 08:47:40', 31),
(250, 1, 488, NULL, '2019-12-20 08:51:42', 31),
(251, 1, 482, NULL, '2019-12-20 09:11:16', 31),
(252, 4, 489, 'student', '2019-12-20 09:37:21', 1),
(253, 4, 488, 'student', '2019-12-20 09:37:29', 1),
(254, 4, 482, 'student', '2019-12-20 09:37:35', 1),
(255, 1, 379, NULL, '2019-12-20 14:02:54', 16),
(256, 1, 381, NULL, '2019-12-20 14:03:40', 16),
(257, 1, 379, NULL, '2019-12-20 14:05:18', 16),
(258, 1, 378, NULL, '2019-12-20 14:06:16', 16),
(259, 1, 379, NULL, '2019-12-20 14:08:02', 16),
(260, 1, 387, NULL, '2019-12-20 14:10:36', 16),
(261, 1, 396, NULL, '2019-12-20 14:11:46', 16),
(262, 1, 376, NULL, '2019-12-20 14:12:59', 16),
(263, 1, 393, NULL, '2019-12-20 14:19:58', 16),
(264, 1, 393, NULL, '2019-12-20 14:20:41', 16),
(265, 1, 393, NULL, '2019-12-20 14:22:02', 16),
(266, 1, 380, NULL, '2019-12-20 14:22:54', 16),
(267, 1, 325, NULL, '2019-12-20 14:24:01', 16),
(268, 1, 323, NULL, '2019-12-20 14:24:46', 16),
(269, 1, 325, NULL, '2019-12-20 14:28:05', 16),
(270, 1, 322, NULL, '2019-12-20 14:28:49', 16),
(271, 1, 326, NULL, '2019-12-20 14:29:40', 16),
(272, 1, 317, NULL, '2019-12-20 14:30:23', 16),
(273, 1, 314, NULL, '2019-12-20 14:31:51', 16),
(274, 4, 379, 'student', '2019-12-20 15:35:53', 1),
(275, 4, 381, 'student', '2019-12-20 15:35:55', 1),
(276, 4, 379, 'student', '2019-12-20 15:36:05', 1),
(277, 4, 378, 'student', '2019-12-20 15:36:11', 1),
(278, 4, 379, 'student', '2019-12-20 15:36:18', 1),
(279, 4, 387, 'student', '2019-12-20 15:36:21', 1),
(280, 4, 396, 'student', '2019-12-20 15:36:23', 1),
(281, 4, 376, 'student', '2019-12-20 15:36:24', 1),
(282, 4, 393, 'student', '2019-12-20 15:36:25', 1),
(283, 4, 393, 'student', '2019-12-20 15:36:26', 1),
(284, 4, 393, 'student', '2019-12-20 15:36:27', 1),
(285, 4, 380, 'student', '2019-12-20 15:36:34', 1),
(286, 4, 325, 'student', '2019-12-20 15:36:36', 1),
(287, 4, 323, 'student', '2019-12-20 15:36:41', 1),
(288, 4, 325, 'student', '2019-12-20 15:38:12', 1),
(289, 4, 322, 'student', '2019-12-20 15:38:16', 1),
(290, 4, 326, 'student', '2019-12-20 15:38:18', 1),
(291, 4, 317, 'student', '2019-12-20 15:38:21', 1),
(292, 4, 314, 'student', '2019-12-20 15:38:22', 1),
(293, 1, 589, NULL, '2019-12-20 15:46:36', 1),
(294, 3, 589, 'student', '2019-12-20 15:46:45', 1),
(295, 1, 249, NULL, '2019-12-20 16:42:22', 23),
(296, 1, 249, NULL, '2019-12-20 16:43:41', 23),
(297, 1, 249, NULL, '2019-12-20 16:44:37', 23),
(298, 3, 249, 'student', '2019-12-20 16:47:39', 1),
(299, 3, 249, 'student', '2019-12-20 16:47:40', 1),
(300, 3, 249, 'student', '2019-12-20 16:47:40', 1),
(301, 1, 244, NULL, '2019-12-20 17:02:51', 23),
(302, 1, 529, NULL, '2019-12-20 17:06:29', 23),
(303, 3, 529, 'student', '2019-12-20 17:08:35', 1),
(304, 1, 230, NULL, '2019-12-20 17:12:29', 23),
(305, 1, 233, NULL, '2019-12-20 17:16:56', 23),
(306, 1, 251, NULL, '2019-12-20 17:20:32', 23),
(307, 3, 529, 'student', '2019-12-20 17:21:14', 1),
(308, 4, 230, 'student', '2019-12-20 17:21:47', 1),
(309, 1, 235, NULL, '2019-12-20 17:21:49', 23),
(310, 4, 251, 'student', '2019-12-20 17:22:20', 1),
(311, 1, 238, NULL, '2019-12-20 17:23:20', 23),
(312, 4, 238, 'student', '2019-12-20 17:25:01', 1),
(313, 1, 232, NULL, '2019-12-20 17:25:21', 23),
(314, 4, 238, 'student', '2019-12-20 17:26:15', 1),
(315, 1, 249, NULL, '2019-12-20 17:27:01', 23),
(316, 1, 451, NULL, '2019-12-20 17:27:28', 20),
(317, 1, 233, NULL, '2019-12-20 17:28:01', 23),
(318, 1, 451, NULL, '2019-12-20 17:28:06', 20),
(319, 1, 230, NULL, '2019-12-20 17:28:47', 23),
(320, 4, 451, 'student', '2019-12-20 17:32:03', 1),
(321, 1, 565, NULL, '2019-12-20 17:32:15', 20),
(322, 1, 247, NULL, '2019-12-20 17:34:06', 23),
(323, 1, 232, NULL, '2019-12-20 17:34:49', 23),
(324, 1, 248, NULL, '2019-12-20 17:35:37', 23),
(325, 1, 246, NULL, '2019-12-20 17:36:21', 23),
(326, 1, 531, NULL, '2019-12-20 17:37:10', 23),
(327, 1, 532, NULL, '2019-12-20 17:38:10', 23),
(328, 2, 38, 'user', '2019-12-20 17:40:04', 1),
(329, 1, 242, NULL, '2019-12-20 17:40:13', 23),
(330, 1, 300, NULL, '2019-12-20 17:40:28', 38),
(331, 3, 300, 'student', '2019-12-20 17:40:53', 1),
(332, 1, 542, NULL, '2019-12-20 17:41:48', 23),
(333, 1, 544, NULL, '2019-12-20 17:44:02', 23),
(334, 1, 448, NULL, '2019-12-20 17:45:04', 20),
(335, 1, 536, NULL, '2019-12-20 17:46:21', 23),
(336, 3, 244, 'student', '2019-12-20 17:46:51', 1),
(337, 4, 233, 'student', '2019-12-20 17:47:09', 1),
(338, 1, 448, NULL, '2019-12-20 17:47:21', 20),
(339, 1, 241, NULL, '2019-12-20 17:48:03', 23),
(340, 3, 235, 'student', '2019-12-20 17:48:22', 1),
(341, 4, 232, 'student', '2019-12-20 17:48:29', 1),
(342, 4, 249, 'student', '2019-12-20 17:48:35', 1),
(343, 1, 241, NULL, '2019-12-20 17:48:42', 23),
(344, 3, 451, 'student', '2019-12-20 17:48:45', 1),
(345, 1, 242, NULL, '2019-12-20 17:49:18', 23),
(346, 1, 544, NULL, '2019-12-20 17:50:19', 23),
(347, 4, 233, 'student', '2019-12-20 17:51:34', 1),
(348, 1, 543, NULL, '2019-12-20 17:51:53', 23),
(349, 4, 230, 'student', '2019-12-20 17:52:35', 1),
(350, 1, 533, NULL, '2019-12-20 17:52:37', 23),
(351, 4, 565, 'student', '2019-12-20 17:52:44', 1),
(352, 4, 247, 'student', '2019-12-20 17:52:49', 1),
(353, 4, 232, 'student', '2019-12-20 17:52:55', 1),
(354, 1, 240, NULL, '2019-12-20 17:53:22', 23),
(355, 3, 248, 'student', '2019-12-20 17:53:22', 1),
(356, 3, 246, 'student', '2019-12-20 17:53:53', 1),
(357, 3, 531, 'student', '2019-12-20 17:53:56', 1),
(358, 3, 532, 'student', '2019-12-20 17:53:58', 1),
(359, 3, 242, 'student', '2019-12-20 17:54:03', 1),
(360, 3, 542, 'student', '2019-12-20 17:54:05', 1),
(361, 4, 544, 'student', '2019-12-20 17:54:17', 1),
(362, 1, 545, NULL, '2019-12-20 17:54:20', 23),
(363, 1, 547, NULL, '2019-12-20 17:54:40', 23),
(364, 4, 448, 'student', '2019-12-20 17:54:41', 1),
(365, 1, 473, NULL, '2019-12-20 17:54:41', 24),
(366, 3, 536, 'student', '2019-12-20 17:54:44', 1),
(367, 4, 448, 'student', '2019-12-20 17:54:57', 1),
(368, 4, 241, 'student', '2019-12-20 17:55:13', 1),
(369, 1, 249, NULL, '2019-12-20 17:55:15', 23),
(370, 3, 241, 'student', '2019-12-20 17:55:23', 1),
(371, 4, 242, 'student', '2019-12-20 17:55:29', 1),
(372, 4, 544, 'student', '2019-12-20 17:55:37', 1),
(373, 4, 543, 'student', '2019-12-20 17:55:52', 1),
(374, 4, 543, 'student', '2019-12-20 17:55:52', 1),
(375, 1, 234, NULL, '2019-12-20 17:55:53', 23),
(376, 4, 533, 'student', '2019-12-20 17:55:59', 1),
(377, 3, 240, 'student', '2019-12-20 17:56:04', 1),
(378, 3, 545, 'student', '2019-12-20 17:56:38', 1),
(379, 3, 547, 'student', '2019-12-20 17:56:40', 1),
(380, 1, 241, NULL, '2019-12-20 17:56:51', 23),
(381, 3, 473, 'student', '2019-12-20 17:56:52', 1),
(382, 4, 249, 'student', '2019-12-20 17:56:57', 1),
(383, 4, 234, 'student', '2019-12-20 17:57:01', 1),
(384, 3, 241, 'student', '2019-12-20 17:57:11', 1),
(385, 1, 546, NULL, '2019-12-20 17:57:34', 23),
(386, 4, 546, 'student', '2019-12-20 18:00:19', 1),
(387, 1, 473, NULL, '2019-12-20 18:01:39', 24),
(388, 3, 473, 'student', '2019-12-20 18:02:08', 1),
(389, 1, 244, NULL, '2019-12-20 18:02:35', 23),
(390, 4, 244, 'student', '2019-12-20 18:02:52', 1),
(391, 1, 235, NULL, '2019-12-20 18:06:50', 23),
(392, 1, 248, NULL, '2019-12-20 18:11:10', 23),
(393, 1, 246, NULL, '2019-12-20 18:11:54', 23),
(394, 1, 531, NULL, '2019-12-20 18:12:29', 23),
(395, 1, 532, NULL, '2019-12-20 18:13:12', 23),
(396, 1, 242, NULL, '2019-12-20 18:13:52', 23),
(397, 4, 235, 'student', '2019-12-20 18:15:16', 1),
(398, 4, 248, 'student', '2019-12-20 18:15:22', 1),
(399, 4, 246, 'student', '2019-12-20 18:15:38', 1),
(400, 1, 542, NULL, '2019-12-20 18:15:45', 23),
(401, 4, 531, 'student', '2019-12-20 18:15:47', 1),
(402, 4, 532, 'student', '2019-12-20 18:15:56', 1),
(403, 4, 242, 'student', '2019-12-20 18:16:00', 1),
(404, 4, 542, 'student', '2019-12-20 18:16:04', 1),
(405, 1, 536, NULL, '2019-12-20 18:16:24', 23),
(406, 4, 536, 'student', '2019-12-20 18:16:41', 1),
(407, 1, 241, NULL, '2019-12-20 18:17:06', 23),
(408, 1, 482, NULL, '2019-12-20 18:18:10', 31),
(409, 4, 482, 'student', '2019-12-20 18:18:54', 1),
(410, 1, 240, NULL, '2019-12-20 18:18:58', 23),
(411, 4, 241, 'student', '2019-12-20 18:19:03', 1),
(412, 4, 240, 'student', '2019-12-20 18:19:08', 1),
(413, 1, 241, NULL, '2019-12-20 18:19:53', 23),
(414, 1, 550, NULL, '2019-12-20 18:21:38', 23),
(415, 4, 241, 'student', '2019-12-20 18:22:22', 1),
(416, 4, 550, 'student', '2019-12-20 18:22:41', 1),
(417, 1, 289, NULL, '2019-12-20 18:37:37', 28),
(418, 3, 289, 'student', '2019-12-20 18:38:30', 1),
(419, 1, 276, NULL, '2019-12-20 18:41:52', 28),
(420, 1, 289, NULL, '2019-12-20 18:43:09', 28),
(421, 1, 289, NULL, '2019-12-20 18:43:16', 28),
(422, 1, 289, NULL, '2019-12-20 18:43:28', 28),
(423, 1, 289, NULL, '2019-12-20 18:43:43', 28),
(424, 3, 276, 'student', '2019-12-20 19:01:19', 1),
(425, 3, 289, 'student', '2019-12-20 19:01:22', 1),
(426, 3, 289, 'student', '2019-12-20 19:01:29', 1),
(427, 3, 289, 'student', '2019-12-20 19:01:35', 1),
(428, 3, 289, 'student', '2019-12-20 19:01:39', 1),
(429, 1, 473, NULL, '2019-12-21 10:15:33', 1),
(430, 4, 473, 'student', '2019-12-21 10:15:52', 1),
(431, 5, 473, 'student', '2019-12-21 10:16:13', 1),
(432, 1, 473, NULL, '2019-12-21 10:18:47', 1),
(433, 5, 323, 'student', '2019-12-21 10:18:50', 1),
(434, 4, 473, 'student', '2019-12-21 10:18:51', 1),
(435, 5, 473, 'student', '2019-12-21 10:19:08', 1),
(436, 5, 393, 'student', '2019-12-21 10:19:12', 1),
(437, 5, 517, 'student', '2019-12-21 10:19:37', 1),
(438, 5, 380, 'student', '2019-12-21 10:19:44', 1),
(439, 5, 325, 'student', '2019-12-21 10:19:58', 1),
(440, 5, 393, 'student', '2019-12-21 10:20:49', 1),
(441, 5, 528, 'student', '2019-12-21 10:21:11', 1),
(442, 5, 521, 'student', '2019-12-21 10:21:20', 1),
(443, 5, 514, 'student', '2019-12-21 10:22:00', 1),
(444, 5, 522, 'student', '2019-12-21 10:22:12', 1),
(445, 5, 515, 'student', '2019-12-21 10:22:47', 1),
(446, 5, 516, 'student', '2019-12-21 10:22:59', 1),
(447, 5, 520, 'student', '2019-12-21 10:23:24', 1),
(448, 5, 516, 'student', '2019-12-21 10:23:36', 1),
(449, 1, 247, NULL, '2019-12-21 19:31:17', 23),
(450, 1, 245, NULL, '2019-12-21 19:31:53', 23),
(451, 1, 249, NULL, '2019-12-21 19:32:18', 23),
(452, 1, 238, NULL, '2019-12-21 19:32:55', 23),
(453, 1, 252, NULL, '2019-12-21 19:35:29', 23),
(454, 1, 240, NULL, '2019-12-21 19:36:28', 23),
(455, 1, 249, NULL, '2019-12-21 19:37:00', 23),
(456, 4, 249, 'student', '2019-12-21 19:41:58', 1),
(457, 4, 249, 'student', '2019-12-21 19:41:58', 1),
(458, 4, 249, 'student', '2019-12-21 19:42:14', 1),
(459, 4, 240, 'student', '2019-12-21 19:42:21', 1),
(460, 4, 252, 'student', '2019-12-21 19:42:24', 1),
(461, 4, 238, 'student', '2019-12-21 19:42:28', 1),
(462, 4, 245, 'student', '2019-12-21 19:42:30', 1),
(463, 4, 247, 'student', '2019-12-21 19:42:38', 1),
(464, 4, 247, 'student', '2019-12-21 19:42:38', 1),
(465, 1, 342, NULL, '2019-12-22 06:06:54', 14),
(466, 1, 342, NULL, '2019-12-22 06:12:46', 14),
(467, 1, 342, NULL, '2019-12-22 06:13:12', 14),
(468, 1, 342, NULL, '2019-12-22 06:14:01', 14),
(469, 1, 335, NULL, '2019-12-22 06:14:42', 14),
(470, 1, 344, NULL, '2019-12-22 06:15:19', 14),
(471, 1, 339, NULL, '2019-12-22 06:16:01', 14),
(472, 1, 355, NULL, '2019-12-22 06:16:42', 14),
(473, 1, 352, NULL, '2019-12-22 06:17:24', 14),
(474, 1, 147, NULL, '2019-12-22 06:24:12', 14),
(475, 1, 147, NULL, '2019-12-22 06:27:13', 14),
(476, 1, 147, NULL, '2019-12-22 06:28:17', 14),
(477, 1, 147, NULL, '2019-12-22 06:30:40', 14),
(478, 1, 157, NULL, '2019-12-22 06:31:34', 14),
(479, 1, 157, NULL, '2019-12-22 06:32:39', 14),
(480, 1, 160, NULL, '2019-12-22 06:35:53', 14),
(481, 1, 344, NULL, '2019-12-22 06:39:32', 14),
(482, 1, 337, NULL, '2019-12-22 06:42:19', 14),
(483, 1, 337, NULL, '2019-12-22 06:43:51', 14),
(484, 1, 337, NULL, '2019-12-22 06:45:06', 14),
(485, 1, 337, NULL, '2019-12-22 06:45:38', 14),
(486, 1, 154, NULL, '2019-12-22 06:47:47', 14),
(487, 1, 353, NULL, '2019-12-22 06:53:08', 14),
(488, 1, 353, NULL, '2019-12-22 06:53:41', 14),
(489, 1, 353, NULL, '2019-12-22 06:54:53', 14),
(490, 1, 334, NULL, '2019-12-22 06:58:16', 14),
(491, 1, 334, NULL, '2019-12-22 06:58:48', 14),
(492, 1, 334, NULL, '2019-12-22 06:59:35', 14),
(493, 1, 334, NULL, '2019-12-22 07:00:45', 14),
(494, 1, 341, NULL, '2019-12-22 07:05:14', 14),
(495, 1, 342, NULL, '2019-12-22 07:19:42', 14),
(496, 1, 344, NULL, '2019-12-22 07:23:33', 14),
(497, 1, 344, NULL, '2019-12-22 07:30:29', 14),
(498, 1, 344, NULL, '2019-12-22 07:43:25', 14),
(499, 1, 334, NULL, '2019-12-22 07:44:03', 14),
(500, 1, 564, NULL, '2019-12-22 07:55:54', 20),
(501, 1, 124, NULL, '2019-12-22 08:00:04', 18),
(502, 3, 342, 'student', '2019-12-22 08:04:42', 1),
(503, 3, 342, 'student', '2019-12-22 08:04:42', 1),
(504, 1, 119, NULL, '2019-12-22 08:04:47', 18),
(505, 4, 342, 'student', '2019-12-22 08:04:50', 1),
(506, 3, 342, 'student', '2019-12-22 08:05:12', 1),
(507, 3, 342, 'student', '2019-12-22 08:05:19', 1),
(508, 3, 335, 'student', '2019-12-22 08:05:19', 1),
(509, 3, 344, 'student', '2019-12-22 08:05:20', 1),
(510, 3, 339, 'student', '2019-12-22 08:05:21', 1),
(511, 3, 355, 'student', '2019-12-22 08:05:21', 1),
(512, 3, 352, 'student', '2019-12-22 08:05:22', 1),
(513, 4, 147, 'student', '2019-12-22 08:05:33', 1),
(514, 4, 147, 'student', '2019-12-22 08:05:50', 1),
(515, 4, 147, 'student', '2019-12-22 08:05:55', 1),
(516, 4, 147, 'student', '2019-12-22 08:06:01', 1),
(517, 4, 157, 'student', '2019-12-22 08:06:18', 1),
(518, 4, 157, 'student', '2019-12-22 08:06:21', 1),
(519, 4, 160, 'student', '2019-12-22 08:06:28', 1),
(520, 4, 344, 'student', '2019-12-22 08:06:35', 1),
(521, 4, 337, 'student', '2019-12-22 08:06:38', 1),
(522, 4, 337, 'student', '2019-12-22 08:06:42', 1),
(523, 4, 337, 'student', '2019-12-22 08:06:47', 1),
(524, 4, 337, 'student', '2019-12-22 08:06:56', 1),
(525, 1, 578, NULL, '2019-12-22 08:06:58', 18),
(526, 3, 154, 'student', '2019-12-22 08:07:25', 1),
(527, 4, 353, 'student', '2019-12-22 08:07:30', 1),
(528, 3, 353, 'student', '2019-12-22 08:07:43', 1),
(529, 4, 353, 'student', '2019-12-22 08:07:51', 1),
(530, 4, 334, 'student', '2019-12-22 08:07:55', 1),
(531, 4, 334, 'student', '2019-12-22 08:08:01', 1),
(532, 3, 334, 'student', '2019-12-22 08:08:20', 1),
(533, 4, 334, 'student', '2019-12-22 08:08:26', 1),
(534, 4, 341, 'student', '2019-12-22 08:08:35', 1),
(535, 3, 342, 'student', '2019-12-22 08:08:42', 1),
(536, 3, 344, 'student', '2019-12-22 08:08:48', 1),
(537, 4, 344, 'student', '2019-12-22 08:08:52', 1),
(538, 4, 344, 'student', '2019-12-22 08:09:03', 1),
(539, 4, 334, 'student', '2019-12-22 08:09:04', 1),
(540, 4, 564, 'student', '2019-12-22 08:09:10', 1),
(541, 4, 124, 'student', '2019-12-22 08:09:28', 1),
(542, 4, 119, 'student', '2019-12-22 08:09:31', 1),
(543, 4, 578, 'student', '2019-12-22 08:09:52', 1),
(544, 1, 578, NULL, '2019-12-22 08:10:03', 18),
(545, 1, 578, NULL, '2019-12-22 08:11:36', 18),
(546, 1, 564, NULL, '2019-12-22 08:13:39', 20),
(547, 1, 578, NULL, '2019-12-22 08:14:18', 18),
(548, 1, 559, NULL, '2019-12-22 08:14:44', 20),
(549, 1, 559, NULL, '2019-12-22 08:15:44', 20),
(550, 4, 578, 'student', '2019-12-22 08:16:39', 1),
(551, 4, 578, 'student', '2019-12-22 08:16:46', 1),
(552, 4, 564, 'student', '2019-12-22 08:16:54', 1),
(553, 4, 578, 'student', '2019-12-22 08:17:01', 1),
(554, 1, 578, NULL, '2019-12-22 08:17:19', 18),
(555, 4, 559, 'student', '2019-12-22 08:17:26', 1),
(556, 4, 559, 'student', '2019-12-22 08:17:36', 1),
(557, 4, 578, 'student', '2019-12-22 08:18:01', 1),
(558, 1, 451, NULL, '2019-12-22 08:18:35', 20),
(559, 5, 578, 'student', '2019-12-22 08:18:53', 1),
(560, 1, 451, NULL, '2019-12-22 08:18:54', 20),
(561, 3, 451, 'student', '2019-12-22 08:19:36', 1),
(562, 4, 451, 'student', '2019-12-22 08:19:43', 1),
(563, 1, 574, NULL, '2019-12-22 08:20:31', 18),
(564, 1, 559, NULL, '2019-12-22 08:20:31', 20),
(565, 1, 578, NULL, '2019-12-22 08:21:21', 1),
(566, 1, 578, NULL, '2019-12-22 08:21:31', 1),
(567, 3, 578, 'student', '2019-12-22 08:21:38', 1),
(568, 3, 578, 'student', '2019-12-22 08:21:42', 1),
(569, 1, 578, NULL, '2019-12-22 08:22:00', 1),
(570, 4, 578, 'student', '2019-12-22 08:22:06', 1),
(571, 3, 574, 'student', '2019-12-22 08:23:01', 1),
(572, 4, 559, 'student', '2019-12-22 08:23:09', 1),
(573, 1, 574, NULL, '2019-12-22 08:25:39', 18),
(574, 4, 574, 'student', '2019-12-22 08:28:02', 1),
(575, 1, 574, NULL, '2019-12-22 08:33:24', 18),
(576, 1, 583, NULL, '2019-12-22 08:34:00', 18),
(577, 4, 574, 'student', '2019-12-22 08:34:59', 1),
(578, 4, 583, 'student', '2019-12-22 08:35:00', 1),
(579, 1, 581, NULL, '2019-12-22 08:50:39', 18),
(580, 4, 581, 'student', '2019-12-22 08:54:48', 1),
(581, 1, 572, NULL, '2019-12-22 09:37:53', 18),
(582, 1, 572, NULL, '2019-12-22 09:42:21', 18),
(583, 1, 572, NULL, '2019-12-22 09:43:05', 18),
(584, 4, 572, 'student', '2019-12-22 10:10:15', 1),
(585, 3, 572, 'student', '2019-12-22 10:10:24', 1),
(586, 4, 572, 'student', '2019-12-22 10:10:25', 1),
(587, 1, 497, NULL, '2019-12-22 15:09:23', 29),
(588, 1, 497, NULL, '2019-12-22 15:09:39', 29),
(589, 1, 499, NULL, '2019-12-22 15:10:21', 29),
(590, 1, 499, NULL, '2019-12-22 15:14:44', 29),
(591, 1, 499, NULL, '2019-12-22 15:24:49', 29),
(592, 1, 473, NULL, '2019-12-22 15:25:46', 24),
(593, 1, 473, NULL, '2019-12-22 15:29:00', 24),
(594, 1, 473, NULL, '2019-12-22 15:29:16', 24),
(595, 1, 497, NULL, '2019-12-22 15:33:35', 29),
(596, 1, 473, NULL, '2019-12-22 15:37:11', 24),
(597, 1, 473, NULL, '2019-12-22 15:38:00', 24),
(598, 1, 473, NULL, '2019-12-22 15:38:22', 24),
(599, 1, 473, NULL, '2019-12-22 15:39:04', 24),
(600, 3, 473, 'student', '2019-12-22 15:40:28', 1),
(601, 3, 473, 'student', '2019-12-22 15:40:34', 1),
(602, 3, 473, 'student', '2019-12-22 15:40:41', 1),
(603, 3, 473, 'student', '2019-12-22 15:40:46', 1),
(604, 3, 473, 'student', '2019-12-22 15:40:50', 1),
(605, 3, 473, 'student', '2019-12-22 15:40:53', 1),
(606, 3, 473, 'student', '2019-12-22 15:40:56', 1),
(607, 1, 473, NULL, '2019-12-22 15:42:13', 24),
(608, 1, 499, NULL, '2019-12-22 16:01:51', 29),
(609, 4, 473, 'student', '2019-12-22 16:12:28', 1),
(610, 5, 473, 'student', '2019-12-22 16:12:36', 1),
(611, 3, 497, 'student', '2019-12-23 00:05:56', 1),
(612, 3, 497, 'student', '2019-12-23 00:05:58', 1),
(613, 3, 499, 'student', '2019-12-23 00:05:59', 1),
(614, 3, 499, 'student', '2019-12-23 00:06:01', 1),
(615, 3, 499, 'student', '2019-12-23 00:06:02', 1),
(616, 3, 499, 'student', '2019-12-23 00:06:05', 1),
(617, 4, 497, 'student', '2019-12-23 00:06:23', 1),
(618, 1, 17, NULL, '2019-12-23 07:58:45', 22),
(619, 1, 18, NULL, '2019-12-23 08:04:16', 22),
(620, 1, 404, NULL, '2019-12-23 08:06:57', 22),
(621, 1, 406, NULL, '2019-12-23 08:21:21', 22),
(622, 1, 401, NULL, '2019-12-23 08:22:05', 22),
(623, 1, 409, NULL, '2019-12-23 08:25:38', 22),
(624, 1, 18, NULL, '2019-12-23 08:29:10', 22),
(625, 1, 413, NULL, '2019-12-23 08:31:52', 22),
(626, 1, 3, NULL, '2019-12-23 08:32:34', 22),
(627, 1, 8, NULL, '2019-12-23 08:33:08', 22),
(628, 1, 7, NULL, '2019-12-23 08:33:50', 22),
(629, 1, 405, NULL, '2019-12-23 08:35:12', 22),
(630, 1, 5, NULL, '2019-12-23 08:36:58', 22),
(631, 1, 404, NULL, '2019-12-23 08:38:22', 22),
(632, 1, 22, NULL, '2019-12-23 08:40:42', 22),
(633, 1, 22, NULL, '2019-12-23 08:47:26', 22),
(634, 4, 17, 'student', '2019-12-23 09:33:22', 1),
(635, 4, 18, 'student', '2019-12-23 09:33:32', 1),
(636, 4, 404, 'student', '2019-12-23 09:33:36', 1),
(637, 4, 406, 'student', '2019-12-23 09:33:44', 1),
(638, 4, 401, 'student', '2019-12-23 09:33:56', 1),
(639, 4, 409, 'student', '2019-12-23 09:34:03', 1),
(640, 4, 18, 'student', '2019-12-23 09:34:17', 1),
(641, 4, 413, 'student', '2019-12-23 09:34:28', 1),
(642, 4, 3, 'student', '2019-12-23 09:34:40', 1),
(643, 4, 8, 'student', '2019-12-23 09:34:47', 1),
(644, 4, 7, 'student', '2019-12-23 09:34:55', 1),
(645, 4, 405, 'student', '2019-12-23 09:35:03', 1),
(646, 4, 5, 'student', '2019-12-23 09:35:12', 1),
(647, 4, 404, 'student', '2019-12-23 09:35:20', 1),
(648, 4, 22, 'student', '2019-12-23 09:35:28', 1),
(649, 4, 22, 'student', '2019-12-23 09:35:34', 1),
(650, 1, 475, NULL, '2019-12-23 19:40:19', 1),
(651, 1, 475, NULL, '2019-12-23 19:40:34', 1),
(652, 4, 475, 'student', '2019-12-23 19:40:49', 1),
(653, 4, 475, 'student', '2019-12-23 19:40:50', 1),
(654, 1, 309, NULL, '2019-12-23 19:56:59', 29),
(655, 3, 309, 'student', '2019-12-23 19:59:09', 1),
(656, 1, 497, NULL, '2019-12-23 20:15:50', 29),
(657, 3, 497, 'student', '2019-12-23 20:16:08', 1),
(658, 1, 598, NULL, '2019-12-24 05:51:35', 25),
(659, 1, 598, NULL, '2019-12-24 05:52:43', 25),
(660, 1, 180, NULL, '2019-12-24 05:55:38', 25),
(661, 1, 596, NULL, '2019-12-24 06:00:12', 25),
(662, 4, 598, 'student', '2019-12-24 07:44:08', 1),
(663, 4, 598, 'student', '2019-12-24 07:44:24', 1),
(664, 3, 180, 'student', '2019-12-24 07:45:25', 1),
(665, 5, 598, 'student', '2019-12-24 07:45:43', 1),
(666, 4, 596, 'student', '2019-12-24 07:52:37', 1),
(667, 1, 477, NULL, '2019-12-24 07:54:03', 31),
(668, 4, 477, 'student', '2019-12-24 08:13:36', 1),
(669, 1, 598, NULL, '2019-12-24 08:15:27', 1),
(670, 1, 598, NULL, '2019-12-24 08:16:03', 1),
(671, 3, 598, 'student', '2019-12-24 08:16:10', 1),
(672, 4, 598, 'student', '2019-12-24 08:16:21', 1),
(673, 1, 473, NULL, '2019-12-24 08:31:36', 1),
(674, 1, 477, NULL, '2019-12-24 08:31:37', 31),
(675, 4, 473, 'student', '2019-12-24 08:31:44', 1),
(676, 5, 473, 'student', '2019-12-24 08:32:21', 1),
(677, 3, 477, 'student', '2019-12-24 10:01:44', 1),
(678, 1, 169, NULL, '2019-12-24 10:45:08', 25),
(679, 1, 179, NULL, '2019-12-24 10:48:29', 25),
(680, 1, 184, NULL, '2019-12-24 10:57:26', 25),
(681, 1, 180, NULL, '2019-12-24 10:59:30', 25),
(682, 1, 180, NULL, '2019-12-24 11:00:47', 25),
(683, 1, 180, NULL, '2019-12-24 11:03:36', 25),
(684, 1, 180, NULL, '2019-12-24 11:06:20', 25),
(685, 1, 183, NULL, '2019-12-24 11:08:31', 25),
(686, 1, 165, NULL, '2019-12-24 11:10:01', 25),
(687, 1, 181, NULL, '2019-12-24 11:11:19', 25),
(688, 1, 168, NULL, '2019-12-24 11:12:34', 25),
(689, 1, 175, NULL, '2019-12-24 11:14:01', 25),
(690, 1, 166, NULL, '2019-12-24 11:15:36', 25),
(691, 1, 594, NULL, '2019-12-24 11:16:57', 25),
(692, 1, 590, NULL, '2019-12-24 11:18:19', 25),
(693, 1, 603, NULL, '2019-12-24 11:19:28', 25),
(694, 1, 596, NULL, '2019-12-24 11:20:46', 25),
(695, 1, 597, NULL, '2019-12-24 11:21:48', 25),
(696, 1, 592, NULL, '2019-12-24 11:22:47', 25),
(697, 1, 180, NULL, '2019-12-24 11:27:56', 25),
(698, 4, 169, 'student', '2019-12-24 11:31:21', 1),
(699, 4, 179, 'student', '2019-12-24 11:31:28', 1),
(700, 4, 184, 'student', '2019-12-24 11:31:34', 1),
(701, 4, 180, 'student', '2019-12-24 11:31:50', 1),
(702, 4, 180, 'student', '2019-12-24 11:31:55', 1),
(703, 4, 180, 'student', '2019-12-24 11:32:00', 1),
(704, 4, 180, 'student', '2019-12-24 11:32:06', 1),
(705, 4, 183, 'student', '2019-12-24 11:32:20', 1),
(706, 4, 165, 'student', '2019-12-24 11:32:25', 1),
(707, 4, 181, 'student', '2019-12-24 11:32:31', 1),
(708, 4, 168, 'student', '2019-12-24 11:32:37', 1),
(709, 4, 175, 'student', '2019-12-24 11:32:39', 1),
(710, 4, 166, 'student', '2019-12-24 11:32:45', 1),
(711, 4, 594, 'student', '2019-12-24 11:32:51', 1),
(712, 4, 590, 'student', '2019-12-24 11:32:55', 1),
(713, 4, 603, 'student', '2019-12-24 11:33:00', 1),
(714, 4, 596, 'student', '2019-12-24 11:33:05', 1),
(715, 4, 597, 'student', '2019-12-24 11:33:08', 1),
(716, 4, 592, 'student', '2019-12-24 11:33:13', 1),
(717, 4, 180, 'student', '2019-12-24 11:33:22', 1),
(718, 1, 477, NULL, '2019-12-24 12:20:21', 31),
(719, 3, 477, 'student', '2019-12-24 13:04:39', 1),
(720, 1, 208, NULL, '2019-12-24 13:11:34', 12),
(721, 3, 208, 'student', '2019-12-24 13:12:04', 1),
(722, 1, 208, NULL, '2019-12-24 13:12:27', 12),
(723, 1, 208, NULL, '2019-12-24 13:14:45', 12),
(724, 1, 208, NULL, '2019-12-24 13:15:46', 12),
(725, 1, 460, NULL, '2019-12-24 14:00:05', 24),
(726, 1, 461, NULL, '2019-12-24 14:01:46', 24),
(727, 1, 269, NULL, '2019-12-24 14:06:16', 24),
(728, 1, 468, NULL, '2019-12-24 14:08:58', 24),
(729, 1, 467, NULL, '2019-12-24 14:13:36', 24),
(730, 1, 269, NULL, '2019-12-24 14:15:55', 24),
(731, 1, 263, NULL, '2019-12-24 14:17:15', 24),
(732, 1, 469, NULL, '2019-12-24 14:18:56', 24),
(733, 1, 255, NULL, '2019-12-24 14:21:12', 24),
(734, 1, 471, NULL, '2019-12-24 14:22:32', 24),
(735, 1, 264, NULL, '2019-12-24 14:27:57', 24),
(736, 1, 253, NULL, '2019-12-24 14:29:04', 24),
(737, 1, 261, NULL, '2019-12-24 14:30:55', 24),
(738, 1, 267, NULL, '2019-12-24 14:33:17', 24),
(739, 1, 469, NULL, '2019-12-24 14:34:31', 24),
(740, 1, 264, NULL, '2019-12-24 14:35:38', 24),
(741, 3, 208, 'student', '2019-12-24 14:37:35', 1),
(742, 3, 208, 'student', '2019-12-24 14:37:36', 1),
(743, 3, 208, 'student', '2019-12-24 14:37:38', 1),
(744, 4, 460, 'student', '2019-12-24 14:37:57', 1),
(745, 4, 461, 'student', '2019-12-24 14:38:08', 1),
(746, 4, 269, 'student', '2019-12-24 14:38:14', 1),
(747, 4, 468, 'student', '2019-12-24 14:38:19', 1),
(748, 4, 467, 'student', '2019-12-24 14:38:46', 1),
(749, 4, 269, 'student', '2019-12-24 14:39:08', 1),
(750, 4, 263, 'student', '2019-12-24 14:39:14', 1),
(751, 4, 469, 'student', '2019-12-24 14:39:14', 1),
(752, 4, 255, 'student', '2019-12-24 14:39:21', 1),
(753, 4, 471, 'student', '2019-12-24 14:39:26', 1),
(754, 4, 264, 'student', '2019-12-24 14:39:55', 1),
(755, 4, 253, 'student', '2019-12-24 14:40:05', 1),
(756, 4, 261, 'student', '2019-12-24 14:40:10', 1),
(757, 4, 267, 'student', '2019-12-24 14:40:15', 1),
(758, 4, 469, 'student', '2019-12-24 14:40:18', 1),
(759, 4, 264, 'student', '2019-12-24 14:40:19', 1),
(760, 1, 459, NULL, '2019-12-24 14:40:45', 24),
(761, 1, 455, NULL, '2019-12-24 14:41:43', 24),
(762, 1, 264, NULL, '2019-12-24 14:44:47', 24),
(763, 1, 474, NULL, '2019-12-24 14:45:43', 24),
(764, 1, 264, NULL, '2019-12-24 14:47:09', 24),
(765, 1, 260, NULL, '2019-12-24 14:48:44', 24),
(766, 1, 457, NULL, '2019-12-24 14:50:38', 24),
(767, 1, 269, NULL, '2019-12-24 14:51:50', 24),
(768, 1, 253, NULL, '2019-12-24 14:53:28', 24),
(769, 1, 268, NULL, '2019-12-24 14:54:46', 24),
(770, 1, 264, NULL, '2019-12-24 14:56:04', 24),
(771, 1, 259, NULL, '2019-12-24 14:57:26', 24),
(772, 1, 263, NULL, '2019-12-24 14:58:23', 24),
(773, 1, 208, NULL, '2019-12-24 15:11:51', 12),
(774, 4, 459, 'student', '2019-12-24 15:12:27', 1),
(775, 4, 455, 'student', '2019-12-24 15:12:31', 1),
(776, 4, 264, 'student', '2019-12-24 15:13:08', 1),
(777, 4, 474, 'student', '2019-12-24 15:13:12', 1),
(778, 4, 264, 'student', '2019-12-24 15:13:16', 1),
(779, 4, 260, 'student', '2019-12-24 15:13:20', 1),
(780, 4, 457, 'student', '2019-12-24 15:13:23', 1),
(781, 4, 269, 'student', '2019-12-24 15:13:28', 1),
(782, 4, 253, 'student', '2019-12-24 15:13:34', 1),
(783, 4, 268, 'student', '2019-12-24 15:13:41', 1),
(784, 4, 264, 'student', '2019-12-24 15:13:57', 1),
(785, 4, 259, 'student', '2019-12-24 15:14:10', 1),
(786, 3, 208, 'student', '2019-12-24 15:14:15', 1),
(787, 4, 263, 'student', '2019-12-24 15:14:20', 1),
(788, 5, 484, 'student', '2019-12-24 15:15:09', 1),
(789, 1, 484, NULL, '2019-12-24 15:16:18', 1),
(790, 5, 232, 'student', '2019-12-24 15:42:22', 1),
(791, 5, 230, 'student', '2019-12-24 15:42:33', 1),
(792, 5, 247, 'student', '2019-12-24 15:42:42', 1),
(793, 5, 233, 'student', '2019-12-24 15:42:51', 1),
(794, 1, 233, NULL, '2019-12-24 15:44:10', 1),
(795, 1, 233, NULL, '2019-12-24 15:44:19', 1),
(796, 3, 233, 'student', '2019-12-24 15:44:23', 1),
(797, 4, 233, 'student', '2019-12-24 15:44:25', 1),
(798, 4, 484, 'student', '2019-12-24 15:44:30', 1),
(799, 1, 473, NULL, '2019-12-24 17:06:39', 1),
(800, 4, 473, 'student', '2019-12-24 17:06:46', 1),
(801, 5, 473, 'student', '2019-12-24 17:07:12', 1),
(802, 1, 218, NULL, '2019-12-24 17:13:35', 12),
(803, 1, 211, NULL, '2019-12-24 17:17:10', 12),
(804, 1, 209, NULL, '2019-12-24 17:57:21', 12),
(805, 1, 213, NULL, '2019-12-24 17:57:47', 12),
(806, 1, 214, NULL, '2019-12-24 17:58:12', 12),
(807, 1, 214, NULL, '2019-12-24 17:59:55', 12),
(808, 1, 217, NULL, '2019-12-24 18:00:15', 12),
(809, 1, 211, NULL, '2019-12-24 18:02:43', 12),
(810, 1, 211, NULL, '2019-12-24 18:03:08', 12),
(811, 1, 208, NULL, '2019-12-24 18:09:13', 12),
(812, 3, 218, 'student', '2019-12-24 18:21:29', 1),
(813, 3, 211, 'student', '2019-12-24 18:21:30', 1),
(814, 3, 209, 'student', '2019-12-24 18:21:31', 1),
(815, 3, 213, 'student', '2019-12-24 18:21:32', 1),
(816, 3, 214, 'student', '2019-12-24 18:21:33', 1),
(817, 3, 214, 'student', '2019-12-24 18:21:34', 1),
(818, 3, 217, 'student', '2019-12-24 18:21:35', 1),
(819, 3, 211, 'student', '2019-12-24 18:21:36', 1),
(820, 3, 211, 'student', '2019-12-24 18:21:36', 1),
(821, 3, 208, 'student', '2019-12-24 18:21:37', 1),
(822, 1, 208, NULL, '2019-12-24 18:27:25', 12),
(823, 1, 218, NULL, '2019-12-24 18:30:31', 12),
(824, 1, 211, NULL, '2019-12-24 18:36:53', 12),
(825, 1, 209, NULL, '2019-12-24 18:38:37', 12),
(826, 1, 214, NULL, '2019-12-24 18:39:10', 12),
(827, 1, 213, NULL, '2019-12-24 18:39:53', 12),
(828, 1, 211, NULL, '2019-12-24 18:40:39', 12),
(829, 1, 211, NULL, '2019-12-24 18:42:56', 12),
(830, 1, 214, NULL, '2019-12-24 18:44:43', 12),
(831, 1, 217, NULL, '2019-12-24 18:45:18', 12),
(832, 1, 291, NULL, '2019-12-24 18:54:31', 28),
(833, 1, 367, NULL, '2019-12-24 19:01:55', 27),
(834, 1, 367, NULL, '2019-12-24 19:03:06', 27),
(835, 1, 357, NULL, '2019-12-24 19:05:05', 27),
(836, 1, 359, NULL, '2019-12-24 19:06:47', 27),
(837, 1, 159, NULL, '2019-12-24 19:36:36', 14),
(838, 1, 352, NULL, '2019-12-24 19:37:31', 14),
(839, 1, 159, NULL, '2019-12-24 19:39:41', 14),
(840, 1, 147, NULL, '2019-12-24 19:40:36', 14),
(841, 1, 166, NULL, '2021-04-23 11:10:05', 1),
(842, 3, 166, 'student', '2021-04-23 11:34:59', 1),
(843, 1, 166, NULL, '2021-04-23 11:37:43', 1),
(844, 3, 166, 'student', '2021-04-23 11:38:28', 1),
(845, 2, 39, 'user', '2021-04-23 11:44:18', 1),
(846, 2, 40, 'user', '2021-04-23 12:44:31', 1),
(847, 2, 41, 'user', '2021-04-23 12:47:10', 1),
(848, 1, 166, NULL, '2021-04-23 13:05:45', 1),
(849, 1, 166, NULL, '2021-04-23 13:06:06', 1),
(850, 1, 166, NULL, '2021-04-23 13:08:19', 1),
(851, 1, 166, NULL, '2021-04-23 13:09:31', 1);

-- --------------------------------------------------------

--
-- Структура таблицы `places`
--

CREATE TABLE `places` (
  `id` int(11) NOT NULL,
  `place` varchar(100) COLLATE utf8mb4_unicode_ci NOT NULL,
  `coefficient` float NOT NULL
) ENGINE=InnoDB DEFAULT CHARSET=utf8mb4 COLLATE=utf8mb4_unicode_ci;

--
-- Дамп данных таблицы `places`
--

INSERT INTO `places` (`id`, `place`, `coefficient`) VALUES
(1, '1 место', 6),
(2, '2 место', 4),
(3, '3 место', 2),
(4, 'Участие', 1);

-- --------------------------------------------------------

--
-- Структура таблицы `points`
--

CREATE TABLE `points` (
  `id` int(11) NOT NULL,
  `category` int(11) NOT NULL,
  `place` int(11) NOT NULL,
  `type` int(11) NOT NULL,
  `part_amount` int(11) NOT NULL,
  `points` double NOT NULL,
  `author` int(11) NOT NULL,
  `added_to` int(11) NOT NULL,
  `created_at` timestamp NOT NULL DEFAULT current_timestamp(),
  `proof` varchar(300) COLLATE utf8mb4_unicode_ci NOT NULL,
  `status_id` int(1) NOT NULL DEFAULT 1,
  `reason` text COLLATE utf8mb4_unicode_ci DEFAULT NULL
) ENGINE=InnoDB DEFAULT CHARSET=utf8mb4 COLLATE=utf8mb4_unicode_ci;

--
-- Дамп данных таблицы `points`
--

INSERT INTO `points` (`id`, `category`, `place`, `type`, `part_amount`, `points`, `author`, `added_to`, `created_at`, `proof`, `status_id`, `reason`) VALUES
(1, 3, 2, 1, 1, 840, 10, 1, '2019-12-14 15:23:43', 'fe38921d814f576df7978d1f81bf40bf.png', 3, NULL),
(2, 2, 2, 1, 1, 480, 1, 2, '2019-12-14 16:46:06', '', 3, NULL),
(3, 8, 1, 1, 1, 1080, 1, 2, '2019-12-14 20:12:59', '', 3, NULL),
(4, 8, 3, 1, 1, 360, 1, 2, '2019-12-14 20:13:23', '', 3, NULL),
(5, 4, 1, 1, 1, 2700, 1, 2, '2019-12-14 20:13:58', 'a9034abf04eb9148b6cdf7cc6add0e4a.png', 3, NULL),
(6, 5, 4, 3, 1, 5, 1, 1, '2019-12-14 20:16:44', '', 3, NULL),
(7, 3, 2, 2, 1, 560, 1, 1, '2019-12-14 20:17:17', '', 3, NULL),
(8, 4, 1, 1, 1, 2700, 1, 2, '2019-12-15 07:42:50', '', 3, NULL),
(9, 2, 1, 2, 5, 96, 1, 497, '2019-12-15 12:09:13', '3a2ee1f6b7ab033e824c1e92eaed5e2f.png', 3, NULL),
(10, 2, 1, 1, 1, 720, 1, 622, '2019-12-15 12:09:50', '679af47c6d08130bc8779dd0a06fe968.png', 3, NULL),
(11, 2, 2, 2, 2, 160, 1, 70, '2019-12-15 12:10:11', '6cf00b3c92d71b8efff2fceda6bf1d61.png', 3, NULL),
(12, 3, 3, 1, 1, 420, 1, 76, '2019-12-15 12:10:37', 'a5daf14e3855975ba63b18fa82cdd860.png', 3, NULL),
(13, 3, 2, 2, 1, 560, 1, 218, '2019-12-15 12:11:00', '2d638ce8f193dc802481278672e923db.png', 3, NULL),
(14, 3, 1, 1, 1, 1260, 1, 560, '2019-12-15 12:55:03', '', 3, NULL),
(15, 2, 1, 1, 1, 720, 1, 1, '2019-12-15 12:55:49', '', 3, NULL),
(16, 1, 2, 1, 1, 240, 1, 458, '2019-12-15 13:07:41', '', 3, NULL),
(17, 1, 1, 1, 1, 360, 1, 473, '2019-12-15 13:08:39', '', 3, NULL),
(18, 1, 1, 1, 1, 360, 1, 473, '2019-12-15 13:12:18', '', 3, NULL),
(19, 4, 1, 2, 1, 1800, 1, 481, '2019-12-15 13:17:02', '', 3, NULL),
(20, 3, 2, 2, 6, 93.333333333333, 1, 560, '2019-12-15 13:22:18', '', 3, NULL),
(21, 2, 4, 3, 1, 40, 31, 481, '2019-12-15 13:30:43', 'baa77715ebacfedd04fc72ac0037d3e9.jpg', 2, NULL),
(22, 1, 1, 1, 1, 360, 1, 356, '2019-12-15 13:41:03', '', 3, NULL),
(23, 1, 1, 1, 1, 360, 27, 356, '2019-12-15 13:41:52', '', 3, NULL),
(24, 1, 2, 2, 1, 160, 1, 211, '2019-12-15 13:44:04', '', 3, NULL),
(25, 1, 1, 1, 1, 360, 16, 378, '2019-12-15 13:48:45', 'f71d86bbc148d5139bbaf730377c3eb1.jpg', 2, NULL),
(26, 3, 2, 2, 1, 560, 16, 378, '2019-12-15 13:54:50', '0bd7931574af889663d0e65b4f3b19f7.jpg', 3, NULL),
(27, 7, 2, 2, 1, 240, 16, 378, '2019-12-15 14:04:59', '265172a88404ad6e1aa50d485ce1ef1e.jpg', 2, NULL),
(28, 1, 3, 1, 1, 120, 16, 377, '2019-12-15 14:10:15', '2eb2c3fd0fd373037ffb77fa70e3d1d9.jpg', 2, NULL),
(29, 1, 3, 1, 1, 120, 16, 377, '2019-12-15 14:13:43', '4c74c7c5da935f8b11aaadeb4d9a6533.jpg', 2, NULL),
(30, 7, 1, 2, 1, 360, 16, 397, '2019-12-15 14:15:29', '57b8c5f35689a0372d8bca92e7ce44fb.jpg', 3, NULL),
(31, 7, 1, 2, 1, 360, 16, 384, '2019-12-15 14:20:36', '0ff1155c32f8daca9be3e3906a05d160.jpg', 3, NULL),
(32, 1, 2, 1, 2, 120, 27, 356, '2019-12-15 14:20:47', 'ec600532fb23c84424279cafb2435cf1.jpg', 2, NULL),
(33, 7, 1, 1, 1, 540, 16, 384, '2019-12-15 14:28:22', '0c0317f207b2e6c8b695a758e9d8eb44.jpg', 3, NULL),
(34, 7, 1, 1, 1, 540, 16, 384, '2019-12-15 14:30:50', '4449db9ff887061f8753a8be4edda57e.jpg', 3, NULL),
(35, 6, 1, 2, 1, 120, 16, 397, '2019-12-15 14:32:53', '45d5eb85fac1ab9ae85ff69d88875dce.jpg', 2, NULL),
(36, 6, 1, 1, 1, 180, 16, 384, '2019-12-15 14:34:23', '0568abaa91a36d82db8776a79e6cf7fc.jpg', 2, NULL),
(37, 3, 1, 2, 1, 840, 1, 481, '2019-12-15 14:46:21', '', 2, NULL),
(38, 1, 2, 1, 2, 120, 31, 202, '2019-12-15 15:18:02', '6886b474ae3ef5469d6e1e907344b397.jpg', 2, NULL),
(39, 1, 2, 1, 2, 120, 31, 195, '2019-12-15 15:19:00', 'b848a02809aadcbabb64079b1feeea03.jpg', 2, NULL),
(40, 4, 1, 1, 1, 2700, 31, 481, '2019-12-15 15:51:32', 'b94e45e29049ad348f21e84392412e97.jpg', 3, NULL),
(41, 2, 4, 3, 1, 40, 31, 481, '2019-12-15 15:53:13', '3e02715ebbe085cbdb24e6e51c2b6833.jpg', 3, NULL),
(42, 1, 1, 1, 1, 360, 31, 199, '2019-12-15 18:30:08', 'fac5069e343ff732721924028c4f7181.jpg', 2, NULL),
(43, 1, 3, 3, 1, 40, 31, 199, '2019-12-15 18:31:17', '20d424362776e417d288bbc312ee6d28.jpg', 2, NULL),
(44, 4, 4, 2, 1, 300, 1, 358, '2019-12-15 22:49:13', '', 3, NULL),
(45, 1, 3, 1, 1, 120, 9, 499, '2019-12-16 07:10:26', 'a140d5c3bd7a9013ef209155fed72c4f.jpg', 3, NULL),
(46, 3, 1, 2, 1, 840, 31, 481, '2019-12-16 07:43:34', '3212af94a5c06e0a110be4c8e8e85037.png', 3, NULL),
(47, 4, 1, 2, 1, 1800, 1, 457, '2019-12-16 09:11:29', '', 3, NULL),
(48, 3, 1, 1, 1, 1260, 1, 560, '2019-12-16 11:34:51', '', 3, NULL),
(49, 8, 1, 1, 1, 1080, 14, 344, '2019-12-16 14:58:00', 'aa336e39c2daf805eee27e62f1ab5a73.jpg', 3, NULL),
(50, 8, 1, 1, 1, 1080, 14, 344, '2019-12-16 14:58:07', '', 3, NULL),
(51, 1, 3, 1, 1, 120, 30, 517, '2019-12-16 15:18:50', '2bc380cde394411adf821bb4341b7681.jpg', 2, NULL),
(52, 1, 3, 1, 1, 120, 30, 517, '2019-12-16 15:19:18', '8d4d9109b7fa8840ed8a02d6acd56584.jpg', 3, NULL),
(53, 1, 4, 1, 1, 60, 31, 189, '2019-12-17 16:32:30', '464cc61cec466872afc56499ab39c92f.jpg', 2, NULL),
(54, 1, 3, 1, 1, 120, 31, 196, '2019-12-18 03:22:33', '45c1258f0946d3ab3f01633913358c36.jpg', 2, NULL),
(55, 1, 1, 1, 1, 360, 31, 206, '2019-12-18 03:23:18', 'ff208e4834098970e8a16f74084823df.jpg', 2, NULL),
(56, 1, 2, 1, 2, 120, 31, 202, '2019-12-18 03:24:33', '4de369943910deb029420978a51c3f20.jpg', 2, NULL),
(57, 1, 2, 1, 2, 120, 31, 195, '2019-12-18 03:25:16', '2b70f45f515836e7d5d31a8336094436.jpg', 2, NULL),
(58, 2, 4, 2, 1, 80, 31, 201, '2019-12-18 03:26:58', '10eb17e521b0d6c5536af57ec4ebc780.jpg', 2, NULL),
(59, 2, 2, 1, 1, 480, 31, 206, '2019-12-18 03:27:52', '70936b3f88b10ff04a4297cbbfa89ad8.jpg', 2, NULL),
(60, 2, 1, 2, 1, 480, 31, 482, '2019-12-18 03:30:02', 'ff7423468556f0e884c0ea10fa020276.jpg', 2, NULL),
(61, 2, 1, 2, 1, 480, 31, 483, '2019-12-18 03:30:59', '65c7d25e93eb16bef665150d562c1648.jpg', 2, NULL),
(62, 1, 1, 3, 1, 120, 31, 488, '2019-12-18 03:32:00', 'eae315fead0ae81832ea96a3cbefb51e.jpg', 2, NULL),
(63, 1, 3, 1, 1, 120, 31, 477, '2019-12-18 03:33:08', '0dac3e64e3122807096d2178d44b8470.jpg', 2, NULL),
(64, 1, 2, 1, 2, 120, 31, 479, '2019-12-18 03:34:06', '1f32c3d326e9e0e37c7ca7b851e004ac.jpg', 2, NULL),
(65, 1, 2, 1, 2, 120, 31, 489, '2019-12-18 03:34:48', '45c7d9a30ed19b5c05ae087f87c3019f.jpg', 2, NULL),
(66, 1, 1, 1, 1, 360, 31, 484, '2019-12-18 03:35:36', '50a64c6985eef89e42790953c5ee334e.jpg', 2, NULL),
(67, 7, 4, 2, 1, 60, 31, 482, '2019-12-18 03:36:46', '4cf5bf120b13a80767b8a641cce9dea9.jpg', 2, NULL),
(68, 1, 2, 1, 1, 240, 31, 482, '2019-12-18 03:37:24', '479dda6c229826437a204523ea3cb84d.jpg', 2, NULL),
(69, 2, 3, 2, 1, 160, 31, 489, '2019-12-18 03:38:18', '8eadc71e78f3c6dcfc75d0c8a6dd7ebe.jpg', 2, NULL),
(70, 2, 2, 1, 1, 480, 31, 481, '2019-12-18 03:39:32', '04e900f5ddd6ce4ec43a8e8b4c4050f2.jpg', 2, NULL),
(71, 2, 2, 2, 1, 320, 31, 488, '2019-12-18 03:40:17', 'fa62df10d650825275c45c19a0f1ec85.jpg', 2, NULL),
(72, 6, 2, 2, 1, 80, 31, 482, '2019-12-18 04:16:14', '083a8e1b6a7e5a4cb88c8eddc52e947e.jpg', 2, NULL),
(73, 4, 1, 1, 1, 2700, 1, 475, '2019-12-18 07:48:49', '', 3, NULL),
(74, 7, 4, 3, 1, 30, 31, 484, '2019-12-18 10:06:06', '3de333d72ec5b4fbd878501c18e4ba67.jpg', 3, NULL),
(75, 6, 1, 1, 1, 180, 30, 616, '2019-12-19 03:32:48', 'a89adffc22c1b394906108aa9341ea70.jpg', 2, NULL),
(76, 3, 3, 1, 2, 210, 30, 510, '2019-12-19 05:56:22', 'c4f35d638c9c2b99b89fa62457b4ac91.jpg', 2, NULL),
(77, 3, 3, 1, 2, 210, 30, 512, '2019-12-19 05:56:53', 'a38d64de581818707397fea8c1d2eb40.jpg', 2, NULL),
(78, 3, 3, 1, 1, 420, 30, 519, '2019-12-19 06:01:47', '8955dff6b3e49f7c514919856d93fee6.jpg', 2, NULL),
(79, 2, 3, 2, 7, 22.857142857143, 30, 520, '2019-12-19 06:03:14', 'cbaed530c3d17f217d2791509271280e.jpg', 3, NULL),
(80, 2, 2, 2, 7, 45.714285714286, 30, 516, '2019-12-19 06:04:13', '4505c6b3d3ce26aeb1ea7023107e867a.jpg', 3, NULL),
(81, 1, 2, 2, 7, 22.857142857143, 30, 516, '2019-12-19 06:10:50', '0a72c2c0c995fb6e19b4b6ffbdfd941c.jpg', 3, NULL),
(82, 1, 2, 2, 7, 22.857142857143, 30, 515, '2019-12-19 06:11:22', 'b2e931199e441729ff8603fe010f2541.jpg', 3, NULL),
(83, 1, 2, 2, 7, 22.857142857143, 30, 522, '2019-12-19 06:11:41', '10edfbb276b00c21cb824270a931f14f.jpg', 3, NULL),
(84, 1, 2, 2, 7, 22.857142857143, 30, 514, '2019-12-19 06:12:08', 'a5abc9263ffd8c08c853a84e29ee22a0.jpg', 3, NULL),
(85, 1, 2, 2, 7, 22.857142857143, 30, 521, '2019-12-19 06:12:33', 'a91aa54e5e301e1e1a97dd25fc7f083b.jpg', 3, NULL),
(86, 1, 2, 2, 7, 22.857142857143, 30, 528, '2019-12-19 06:13:06', '81452e309eca89ca74e9a93afad9acbd.jpg', 3, NULL),
(87, 1, 2, 2, 7, 22.857142857143, 30, 517, '2019-12-19 06:13:48', '46660832be46c44924babe5393a97f36.jpg', 3, NULL),
(88, 1, 1, 1, 1, 360, 22, 402, '2019-12-19 13:51:31', '', 3, NULL),
(89, 1, 1, 1, 1, 360, 22, 402, '2019-12-19 14:02:36', '65f3cb9a819db553f0eb9d9e4cb4b68f.jpg', 2, NULL),
(90, 1, 4, 3, 3, 6.6666666666667, 27, 105, '2019-12-20 03:37:56', '', 3, NULL),
(91, 1, 4, 1, 3, 20, 27, 105, '2019-12-20 03:39:12', '8ddcf43046445152a2683bfe823f4aff.jpg', 2, NULL),
(92, 4, 4, 2, 1, 300, 27, 373, '2019-12-20 03:41:56', '', 3, NULL),
(93, 4, 4, 2, 1, 300, 27, 373, '2019-12-20 03:42:53', 'b9f6710fa38899592a9d48b70ec6f227.jpg', 2, NULL),
(94, 4, 4, 2, 1, 300, 27, 358, '2019-12-20 03:44:08', 'b5d15bc9fcf32e2c3cbd09bbfa6db901.jpg', 2, NULL),
(95, 4, 4, 2, 1, 300, 27, 357, '2019-12-20 03:45:10', '07d97374b5e0502efe52f339d6955130.jpg', 2, NULL),
(96, 1, 3, 1, 1, 120, 27, 112, '2019-12-20 03:47:17', '07133288646332e87849c9bb34722829.jpg', 2, NULL),
(97, 1, 4, 2, 1, 40, 27, 101, '2019-12-20 03:49:38', '36a2b10b5ef8ce9134a3016198d04629.jpg', 2, NULL),
(98, 7, 1, 1, 1, 540, 27, 113, '2019-12-20 03:53:05', 'dbdc334b35471dc3c35f39bb4b5e18cf.jpg', 2, NULL),
(99, 1, 1, 1, 2, 180, 27, 114, '2019-12-20 04:17:23', '0fc6cc0b5d77bd4c58eb4241f180e505.jpg', 2, NULL),
(100, 1, 2, 1, 1, 240, 27, 372, '2019-12-20 04:18:59', '00acc0657666f99c2047ccd8ea94e870.jpg', 2, NULL),
(101, 1, 1, 1, 1, 360, 27, 370, '2019-12-20 04:20:18', 'c5453f04d0da0071278ee71a98de1ede.jpg', 2, NULL),
(102, 1, 3, 1, 1, 120, 27, 364, '2019-12-20 04:27:01', '46787ee2ab395e9196a4499c17a01765.jpg', 2, NULL),
(103, 7, 3, 2, 1, 120, 27, 99, '2019-12-20 04:29:36', 'cf213f63c9967e72b16392353609bc5b.jpg', 2, NULL),
(104, 1, 4, 1, 1, 60, 27, 359, '2019-12-20 04:34:05', '85b578f068379311a6ad8b619be55faa.jpg', 2, NULL),
(105, 2, 4, 2, 1, 80, 31, 489, '2019-12-20 08:47:40', '4864406ed0da012f3f1221fa3702603c.jpg', 2, NULL),
(106, 1, 4, 2, 1, 40, 31, 488, '2019-12-20 08:51:42', '0246d3d8807c5af1a4cdbb0614ab020a.jpg', 2, NULL),
(107, 7, 3, 2, 1, 120, 31, 482, '2019-12-20 09:11:16', 'b49d353602ed606646db207d16c233ac.jpg', 2, NULL),
(108, 7, 2, 2, 1, 240, 16, 379, '2019-12-20 14:02:54', 'e2daa6347c41f01b185ecf5263d1d421.jpg', 2, NULL),
(109, 7, 2, 2, 1, 240, 16, 381, '2019-12-20 14:03:40', '21d9a614e3069683e675b67f3c9e811c.jpg', 2, NULL),
(110, 1, 3, 1, 1, 120, 16, 379, '2019-12-20 14:05:18', '5cf59c91e0486f65df16c540026ad0f0.jpg', 2, NULL),
(111, 1, 4, 1, 1, 60, 16, 378, '2019-12-20 14:06:16', '938170a1c88e2fa4eb050e3cf24ab207.jpg', 2, NULL),
(112, 1, 2, 1, 1, 240, 16, 379, '2019-12-20 14:08:02', '17e495ff3e19c74a4fc60302e4c79974.jpg', 2, NULL),
(113, 1, 3, 1, 1, 120, 16, 387, '2019-12-20 14:10:36', 'fc281a1cea1cb759febb84892a3da228.jpg', 2, NULL),
(114, 1, 2, 1, 1, 240, 16, 396, '2019-12-20 14:11:46', '9f204d74b1f099843631f62891c89861.jpg', 2, NULL),
(115, 1, 4, 1, 1, 60, 16, 376, '2019-12-20 14:12:59', '5f4aef0a07fddfc76bd352d0fe69b87f.jpg', 2, NULL),
(116, 1, 2, 2, 5, 32, 16, 393, '2019-12-20 14:19:58', 'a15dfc3ff508994b911e9d4ddf0867d3.jpg', 3, NULL),
(117, 1, 4, 2, 1, 40, 16, 393, '2019-12-20 14:20:41', '7bef59951b43c93235684de4c669cec0.jpg', 2, NULL),
(118, 1, 2, 2, 6, 26.666666666667, 16, 393, '2019-12-20 14:22:02', 'f9bebafd95e8b1e8ccf5935a006d38d9.jpg', 3, NULL),
(119, 1, 2, 2, 6, 26.666666666667, 16, 380, '2019-12-20 14:22:54', '00616799763c951c551de1adda1e945e.jpg', 3, NULL),
(120, 1, 1, 2, 6, 40, 16, 325, '2019-12-20 14:24:01', 'a0139cda88a629578d4c042165735932.jpg', 3, NULL),
(121, 1, 1, 2, 6, 40, 16, 323, '2019-12-20 14:24:46', 'a776b7ca5350d31cbfcbf8a973b072a7.jpg', 3, NULL),
(122, 1, 1, 1, 1, 360, 16, 325, '2019-12-20 14:28:05', '5c5c19e58b256cc52aba3939aeecd930.jpg', 2, NULL),
(123, 1, 3, 1, 1, 120, 16, 322, '2019-12-20 14:28:49', '29cd06736b1e544b448e6d184b96b52b.jpg', 2, NULL),
(124, 1, 3, 1, 1, 120, 16, 326, '2019-12-20 14:29:40', 'b1e35fb9dc8886206333996974024587.jpg', 2, NULL),
(125, 1, 3, 1, 1, 120, 16, 317, '2019-12-20 14:30:23', 'aeb4e50bb27f0857dd5349b38f4ef741.jpg', 2, NULL),
(126, 1, 3, 1, 1, 120, 16, 314, '2019-12-20 14:31:51', '5088419693d6a3e2a2fe1f6064fca52f.jpg', 2, NULL),
(127, 1, 2, 2, 6, 26.666666666667, 1, 589, '2019-12-20 15:46:36', '', 3, NULL),
(128, 1, 4, 2, 1, 40, 23, 249, '2019-12-20 16:42:22', '60a4b5e7a74949dc015dbff894beefff.heic', 3, NULL),
(129, 1, 4, 2, 1, 40, 23, 249, '2019-12-20 16:43:41', '940a8bff325e9216387cddbeb2625387.heic', 3, NULL),
(130, 1, 4, 2, 1, 40, 23, 249, '2019-12-20 16:44:37', 'edee4f8d352c9cc59cb87b07324f4514.heic', 3, NULL),
(131, 1, 4, 3, 1, 20, 23, 244, '2019-12-20 17:02:51', '1a179e04a207b853bb285a67b85be651.jpg', 3, 'Участник не выступал в сборной НИШ или в мероприятии под эгидой НИШ. Мероприятие республиканского уровня.'),
(132, 1, 3, 2, 7, 11.428571428571, 23, 529, '2019-12-20 17:06:29', 'fb1152481715f04e66088efb6b784d37.jpg', 3, NULL),
(133, 1, 4, 2, 1, 40, 23, 230, '2019-12-20 17:12:29', '23d4276261a165cc1fbe28b35136bbc2.jpg', 2, NULL),
(134, 1, 2, 1, 1, 240, 23, 233, '2019-12-20 17:16:56', '73b13ba8676b8593f2881fe16eb05e06.jpg', 2, NULL),
(135, 1, 4, 1, 1, 60, 23, 251, '2019-12-20 17:20:32', '274e46a4594d8accc4058e87aa7d940b.jpg', 2, NULL),
(136, 7, 1, 2, 1, 360, 23, 235, '2019-12-20 17:21:49', '17ef0e551bc344f61c7ebd981fe5cf47.jpg', 3, 'Дистанционные соревнования опускаются на уровень ниже по масштабу( Мировой дист. = республиканский, Республиканский дист. = областной и т.д.)'),
(137, 1, 1, 1, 1, 360, 23, 238, '2019-12-20 17:23:20', 'fc9b54b15ccf61e39b3f090e520f3397.jpg', 2, NULL),
(138, 1, 2, 1, 1, 240, 23, 232, '2019-12-20 17:25:21', 'd2f51364e0e66bc51f904116d9b5bfd4.jpg', 2, NULL),
(139, 1, 3, 1, 1, 120, 23, 249, '2019-12-20 17:27:01', '1b7e6c4849fb5294106172d1c129b828.jpg', 2, NULL),
(140, 7, 1, 1, 1, 540, 20, 451, '2019-12-20 17:27:28', 'd1b2dd2a80fbd8ae67a79ac59ea5284c.jpg', 3, 'Дистанционные соревнования опускаются на уровень ниже по масштабу( Мировой дист. = республиканский, Республиканский дист. = областной и т.д.)'),
(141, 1, 3, 1, 1, 120, 23, 233, '2019-12-20 17:28:01', '31c59ffb6f5c8324a852600c53a2f0f2.jpg', 3, NULL),
(142, 1, 2, 1, 1, 240, 20, 451, '2019-12-20 17:28:06', 'c28bb6d80a9111721e0e3a9dd905d5f5.jpg', 2, NULL),
(143, 1, 1, 1, 1, 360, 23, 230, '2019-12-20 17:28:47', 'c2edb3618e610b6cf6675d125a407443.jpg', 3, NULL),
(144, 1, 2, 1, 1, 240, 20, 565, '2019-12-20 17:32:15', 'b91beda1e8845a1d49308f3fbc0d94c8.jpg', 2, NULL),
(145, 1, 2, 1, 1, 240, 23, 247, '2019-12-20 17:34:06', '717ef0bde7882574b57f060cdf5f07f2.jpg', 3, NULL),
(146, 1, 3, 1, 1, 120, 23, 232, '2019-12-20 17:34:49', '388e5b141972fbfdc1a73773865f51df.jpg', 3, NULL),
(147, 3, 3, 1, 1, 420, 23, 248, '2019-12-20 17:35:37', 'd0b99317c14653e89c38b81321939bc5.jpg', 3, 'Олимпиада школьная'),
(148, 3, 4, 1, 1, 210, 23, 246, '2019-12-20 17:36:21', '064059b058981a65fc37efa1143e6e28.jpg', 3, 'Олимпиада школьная'),
(149, 3, 3, 1, 1, 420, 23, 531, '2019-12-20 17:37:10', '14181bd0eed6c40c94a6fc6925b6da1a.jpg', 3, 'Олимпиада школьная'),
(150, 3, 2, 1, 1, 840, 23, 532, '2019-12-20 17:38:10', '40a6fa111eb44411a6cdc0dc142592a5.jpg', 3, 'Олимпиада школьная'),
(151, 3, 1, 1, 1, 1260, 23, 242, '2019-12-20 17:40:13', '2391faae80cf06761aeff42215dd215e.jpg', 3, 'Олимпиада школьная'),
(152, 2, 2, 1, 1, 480, 38, 300, '2019-12-20 17:40:28', '8e84603ef167e8c9618608566e28414c.png', 3, 'Жизнб тест ывадлывоадылва\r\nываыпва'),
(153, 3, 3, 1, 1, 420, 23, 542, '2019-12-20 17:41:48', 'b6bbbadfcae9fdfe0a08b5b1a0d77ba5.jpg', 3, 'Олимпиада школьная'),
(154, 1, 2, 1, 1, 240, 23, 544, '2019-12-20 17:44:02', '985b916a5857d1bc438deba4554ff3b0.jpg', 2, NULL),
(155, 1, 2, 1, 1, 240, 20, 448, '2019-12-20 17:45:04', 'affd69965f277c51eaaef37f48062dc3.jpg', 2, NULL),
(156, 3, 1, 1, 1, 1260, 23, 536, '2019-12-20 17:46:21', '4e049466b93019c8e4aca20758cc49e6.jpg', 3, 'Олимпиада школьная'),
(157, 7, 3, 1, 1, 180, 20, 448, '2019-12-20 17:47:21', '5ede6e4a8d69edf6d8cc026197e11cd8.jpg', 2, NULL),
(158, 1, 4, 2, 1, 40, 23, 241, '2019-12-20 17:48:03', '01de0afd6d801ad09268c84c2f88e6fd.jpg', 2, NULL),
(159, 3, 1, 1, 1, 1260, 23, 241, '2019-12-20 17:48:42', 'f7abdb9a42fdcbb08d5034dc0dd17ca0.jpg', 3, 'Олимпиада школьная'),
(160, 1, 4, 2, 1, 40, 23, 242, '2019-12-20 17:49:18', 'c7484683a6fcc4b941e603a8d66e45c7.jpg', 2, NULL),
(161, 2, 1, 1, 1, 720, 23, 544, '2019-12-20 17:50:19', '35259ef0a7e1032ead1b18547f66d9ae.jpg', 2, NULL),
(162, 1, 4, 2, 1, 40, 23, 543, '2019-12-20 17:51:53', '2c8526d8a15ae723ce1d130fd78d838d.jpg', 2, NULL),
(163, 1, 4, 2, 1, 40, 23, 533, '2019-12-20 17:52:37', '6f0e8e1250d7fd06d8407a49395e194c.jpg', 2, NULL),
(164, 3, 2, 1, 1, 840, 23, 240, '2019-12-20 17:53:22', 'bdc1e639e65cbbcfdc49a8d53d77428c.jpg', 3, 'Олимпиада школьная'),
(165, 1, 3, 1, 1, 120, 23, 545, '2019-12-20 17:54:20', '5f2dc4230f1cc24518c2ba15aa2e152a.jpg', 3, 'Диплом выдан команде из двух участников.'),
(166, 1, 3, 1, 1, 120, 23, 547, '2019-12-20 17:54:40', 'e6018dfacdbec411fdf5cda1a0bd2761.jpg', 3, 'Диплом выдан команде из двух участников.'),
(167, 4, 1, 1, 1, 2700, 24, 473, '2019-12-20 17:54:41', '', 3, 'Тест'),
(168, 1, 4, 2, 1, 40, 23, 249, '2019-12-20 17:55:15', '304880219a91ba757a28de472c8acf04.jpg', 2, NULL),
(169, 1, 4, 2, 1, 40, 23, 234, '2019-12-20 17:55:53', '2613cb4556a9ed6f3d4289918aad3209.jpg', 2, NULL),
(170, 3, 3, 1, 1, 420, 23, 241, '2019-12-20 17:56:51', '3ca9ec11ee3f81b37d277224d29c96c9.jpg', 3, 'Олимпиада школьная'),
(171, 1, 3, 1, 1, 120, 23, 546, '2019-12-20 17:57:34', 'cd119c5fc7c6ca80bfe3a6ce49c2736a.jpg', 2, NULL),
(172, 4, 1, 1, 1, 2700, 24, 473, '2019-12-20 18:01:39', '', 3, 'FAFNAOFNOASFASIHOFHASOIFHFAFNAOFNOASFASIHOFHASOIFHFAFNAOFNOASFASIHOFHASOIFHFAFNAOFNOASFASIHOFHASOIFHFAFNAOFNOASFASIHOFHASOIFHFAFNAOFNOASFASIHOFHASOIFHFAFNAOFNOASFASIHOFHASOIFHFAFNAOFNOASFASIHOFHASOIFHFAFNAOFNOASFASIHOFHASOIFHFAFNAOFNOASFASIHOFHASOIFHFAFNAOFNOASFASIHOFHASOIFHFAFNAOFNOASFASIHOFHASOIFHFAFNAOFNOASFASIHOFHASOIFHFAFNAOFNOASFASIHOFHASOIFHFAFNAOFNOASFASIHOFHASOIFHFAFNAOFNOASFASIHOFHASOIFHFAFNAOFNOASFASIHOFHASOIFHFAFNAOFNOASFASIHOFHASOIFHFAFNAOFNOASFASIHOFHASOIFHFAFNAOFNOASFASIHOFHASOIFHFAFNAOFNOASFASIHOFHASOIFHFAFNAOFNOASFASIHOFHASOIFHFAFNAOFNOASFASIHOFHASOIFHFAFNAOFNOASFASIHOFHASOIFHFAFNAOFNOASFASIHOFHASOIFHFAFNAOFNOASFASIHOFHASOIFHFAFNAOFNOASFASIHOFHASOIFHFAFNAOFNOASFASIHOFHASOIFHFAFNAOFNOASFASIHOFHASOIFHFAFNAOFNOASFASIHOFHASOIFHFAFNAOFNOASFASIHOFHASOIFH'),
(173, 7, 4, 3, 1, 30, 23, 244, '2019-12-20 18:02:35', '6f80683c5a39827c658a1abc109ede83.jpg', 2, NULL),
(174, 6, 1, 2, 1, 120, 23, 235, '2019-12-20 18:06:50', '61bd95e311b53e2fbcd5fe4e466048f7.jpg', 2, NULL),
(175, 1, 3, 1, 1, 120, 23, 248, '2019-12-20 18:11:10', '4850b91769f7db4d70c57c06bb55aea9.jpg', 2, NULL),
(176, 1, 4, 1, 1, 60, 23, 246, '2019-12-20 18:11:54', '1ff7de47a2abbe39f9a6133a79ac7940.jpg', 2, NULL),
(177, 1, 3, 1, 1, 120, 23, 531, '2019-12-20 18:12:29', '59d09c559c03bc965b0c422b0e62448e.jpg', 2, NULL),
(178, 1, 2, 1, 1, 240, 23, 532, '2019-12-20 18:13:12', 'dd203316655e2f99c3cbc4ae3e3584cc.jpg', 2, NULL),
(179, 1, 1, 1, 1, 360, 23, 242, '2019-12-20 18:13:52', 'e5a8c50639cc5baa9af0bbd12c822d28.jpg', 2, NULL),
(180, 1, 3, 1, 1, 120, 23, 542, '2019-12-20 18:15:45', '559d7fd6112aafd82fabb97a5ac193ad.jpg', 2, NULL),
(181, 1, 1, 1, 1, 360, 23, 536, '2019-12-20 18:16:24', 'ca7246dcf9a4df1e81091377c7fe8748.jpg', 2, NULL),
(182, 1, 1, 1, 1, 360, 23, 241, '2019-12-20 18:17:06', '911575f0a44b43d662252d6bdcbfb727.jpg', 2, NULL),
(183, 3, 4, 2, 1, 140, 31, 482, '2019-12-20 18:18:10', 'bf6263ca572965480067019b6dcbbaab.jpg', 2, NULL),
(184, 1, 2, 1, 1, 240, 23, 240, '2019-12-20 18:18:58', '298cd71a4d56f4cb67fb151369396b6c.jpg', 2, NULL),
(185, 1, 3, 1, 1, 120, 23, 241, '2019-12-20 18:19:53', '4b6a2d75d34c8f243ea5445290d8d508.jpg', 2, NULL),
(186, 1, 2, 1, 1, 240, 23, 550, '2019-12-20 18:21:38', '14a4ec2982fdf07402be24a5f6a1465c.jpg', 2, NULL),
(187, 3, 2, 1, 1, 840, 28, 289, '2019-12-20 18:37:37', '2dfb2b17de73502f53bc8a01dfceaba7.jpeg', 3, 'Олимпиада 1 этапа Республиканской - школьная олимпиада'),
(188, 3, 2, 1, 1, 840, 28, 276, '2019-12-20 18:41:52', 'de811183479ada90d04416a23148cceb.jpeg', 3, 'Олимпиада 1 этапа Республиканской - школьная олимпиада'),
(189, 3, 2, 1, 1, 840, 28, 289, '2019-12-20 18:43:09', 'cb68d1ecbb1d1e0216e137f2f15c46e1.jpeg', 3, 'Олимпиада 1 этапа Республиканской - школьная олимпиада'),
(190, 3, 2, 1, 1, 840, 28, 289, '2019-12-20 18:43:16', '', 3, 'Нет фото'),
(191, 3, 2, 1, 1, 840, 28, 289, '2019-12-20 18:43:28', '', 3, 'Нет фото'),
(192, 3, 2, 1, 1, 840, 28, 289, '2019-12-20 18:43:43', '', 3, 'Нет фото'),
(193, 4, 1, 1, 1, 2700, 1, 473, '2019-12-21 10:15:33', '', 3, NULL),
(194, 1, 3, 1, 1, 120, 1, 473, '2019-12-21 10:18:46', '', 3, NULL),
(195, 1, 3, 1, 1, 120, 23, 247, '2019-12-21 19:31:17', 'd59615f347d36b051fb74dbea6a13c53.jpg', 2, NULL),
(196, 1, 4, 2, 1, 40, 23, 245, '2019-12-21 19:31:53', 'a640a10a75b6401f0b4dd3abcb7e704d.jpg', 2, NULL),
(197, 1, 4, 2, 1, 40, 23, 249, '2019-12-21 19:32:18', '93bd0c21d141022b6bafda1737790db0.jpg', 2, NULL),
(198, 1, 3, 2, 1, 80, 23, 238, '2019-12-21 19:32:55', '452b1b70bd358622ad0de44c4aa73b31.jpg', 2, NULL),
(199, 1, 3, 2, 1, 80, 23, 252, '2019-12-21 19:35:29', '925610d92131f03d4f24bab939673b1c.jpg', 2, NULL),
(200, 1, 3, 2, 1, 80, 23, 240, '2019-12-21 19:36:28', '3d129d27c3bc2106b996f77dac9f6059.jpg', 2, NULL),
(201, 1, 4, 2, 1, 40, 23, 249, '2019-12-21 19:37:00', '84fd327b5e15bda795dc8399764f14ac.jpg', 2, NULL),
(202, 1, 1, 1, 1, 360, 14, 342, '2019-12-22 06:06:54', '', 3, 'Нет фото'),
(203, 1, 1, 1, 1, 360, 14, 342, '2019-12-22 06:12:46', '9a80eb1d569dc5be1d62b85c3f032ce5.jpg', 2, NULL),
(204, 1, 1, 1, 1, 360, 14, 342, '2019-12-22 06:13:12', '04ba7c7521f7a09d068db3897a51b892.jpg', 3, ''),
(205, 1, 1, 2, 6, 40, 14, 342, '2019-12-22 06:14:01', '088708f731b41438952e91af74c23695.jpg', 3, ''),
(206, 1, 1, 2, 6, 40, 14, 335, '2019-12-22 06:14:42', '5ca280ea73b763f179c16c7782f57c4f.jpg', 3, ''),
(207, 1, 1, 2, 6, 40, 14, 344, '2019-12-22 06:15:19', '9821f79ac374e670d0a88f4c6a854b19.jpg', 3, ''),
(208, 1, 1, 2, 6, 40, 14, 339, '2019-12-22 06:16:01', 'ab4421322ef1eb7fa743fea74521e90c.jpg', 3, ''),
(209, 1, 1, 2, 6, 40, 14, 355, '2019-12-22 06:16:42', '0b9a3ee81a8a76c15396c19344731b63.jpg', 3, ''),
(210, 1, 1, 2, 6, 40, 14, 352, '2019-12-22 06:17:24', '4ef6e2eec80de0c911055e56fbf98ed2.jpg', 3, ''),
(211, 3, 2, 2, 1, 560, 14, 147, '2019-12-22 06:24:12', 'ce0c1dfd49bb4db55c89a66f6e162bbe.jpg', 2, NULL),
(212, 7, 1, 1, 1, 540, 14, 147, '2019-12-22 06:27:13', '380a22ed261a932c13662fa4c7e3c33b.jpg', 2, NULL),
(213, 3, 4, 2, 1, 140, 14, 147, '2019-12-22 06:28:17', 'fb24aa6c119dac4166c435f34a1c33dc.jpg', 2, NULL),
(214, 1, 1, 1, 1, 360, 14, 147, '2019-12-22 06:30:40', 'c7478cd975d47be8876dff7150a4d718.jpg', 2, NULL),
(215, 1, 3, 1, 1, 120, 14, 157, '2019-12-22 06:31:34', 'e87da5e70d3b9621f1a06fdcaa47b003.jpg', 2, NULL),
(216, 7, 3, 1, 1, 180, 14, 157, '2019-12-22 06:32:39', '0567a3a8bddf672d6175bf6ad6d146d4.jpg', 2, NULL),
(217, 6, 2, 2, 1, 80, 14, 160, '2019-12-22 06:35:53', 'e14f3365c9d5e11ddab6dd146cf919d0.jpg', 2, NULL),
(218, 7, 1, 1, 1, 540, 14, 344, '2019-12-22 06:39:32', '4aa6efb35c122f86cc856acdbea063a9.jpg', 2, NULL),
(219, 2, 1, 1, 1, 720, 14, 337, '2019-12-22 06:42:19', '3c6704bcaeb816dd1d0fcad88e637285.jpg', 2, NULL),
(220, 2, 4, 1, 1, 120, 14, 337, '2019-12-22 06:43:51', '1c43ffac54af05f508a548b569dcc5e5.jpg', 2, NULL),
(221, 1, 1, 1, 1, 360, 14, 337, '2019-12-22 06:45:06', '00bcdf09c542c83130ab97e7f76d1211.jpg', 2, NULL),
(222, 1, 3, 1, 1, 120, 14, 337, '2019-12-22 06:45:38', '452cfd04bf41a4fc79b7bc57b06f8bbd.jpg', 2, NULL),
(223, 1, 3, 3, 1, 40, 14, 154, '2019-12-22 06:47:47', '7cad564b5fd0163c7f353e9a6c0141ac.jpg', 3, 'Указать Предметный'),
(224, 1, 3, 1, 1, 120, 14, 353, '2019-12-22 06:53:08', '4111ff3cb81414b489d5208759699f6b.jpg', 2, NULL),
(225, 2, 1, 1, 1, 720, 14, 353, '2019-12-22 06:53:41', '4dc25e4693bb32d4cda282c69ee81ec5.jpg', 3, ''),
(226, 1, 2, 2, 1, 160, 14, 353, '2019-12-22 06:54:53', 'fed0c92aef185c8d7b7920f9c1cc87cc.jpg', 2, NULL),
(227, 1, 4, 2, 1, 40, 14, 334, '2019-12-22 06:58:16', '1184eee500c3dc53a5333d23cb83bf23.jpg', 2, NULL),
(228, 1, 4, 2, 1, 40, 14, 334, '2019-12-22 06:58:48', '6b95dc4a1d1593450643cabb29de40f5.jpg', 2, NULL),
(229, 2, 4, 2, 8, 10, 14, 334, '2019-12-22 06:59:35', '518489a5c5bf5620a50effd9eba31dcb.jpg', 3, 'Указать 1 участник'),
(230, 1, 4, 3, 1, 20, 14, 334, '2019-12-22 07:00:45', '8700e0ba5463be554cad51a65e5dc843.jpg', 2, NULL),
(231, 1, 1, 1, 1, 360, 14, 341, '2019-12-22 07:05:14', 'fbdf10aed033f92e2d41eabc6693e7c0.jpg', 2, NULL),
(232, 2, 4, 2, 8, 10, 14, 342, '2019-12-22 07:19:42', '94629127fd48cfbd03647376abfdb7f1.jpg', 3, 'Указать 1 участник'),
(233, 2, 4, 2, 8, 10, 14, 344, '2019-12-22 07:23:33', 'd776b6fc6e0771946e51c9c556f44e8d.jpg', 3, 'Указать 1 участник'),
(234, 1, 2, 1, 1, 240, 14, 344, '2019-12-22 07:30:29', 'bcb8b8ef13fb9c77f4cbeac3ede3bf8a.jpg', 2, NULL),
(235, 6, 4, 3, 2, 5, 14, 344, '2019-12-22 07:43:25', 'c59cca8f38fda32e3c6abb9a123ffe88.jpg', 2, NULL),
(236, 6, 4, 3, 2, 5, 14, 334, '2019-12-22 07:44:03', '020943aac83a4cdec9c6e717186caa83.jpg', 2, NULL),
(237, 1, 1, 1, 1, 360, 20, 564, '2019-12-22 07:55:54', '54204b1006844cfcef53a3f261e40197.jpg', 2, NULL),
(238, 1, 4, 2, 1, 40, 18, 124, '2019-12-22 08:00:04', '67d6663a2be1141bccae33e692161e92.jpg', 2, NULL),
(239, 1, 4, 2, 1, 40, 18, 119, '2019-12-22 08:04:47', '75cb0cc6516647463d47885dad6ef3de.jpg', 2, NULL),
(240, 1, 1, 1, 1, 360, 18, 578, '2019-12-22 08:06:58', 'b699ef5a4238096f43a75aebf73bfcc1.jpg', 2, NULL),
(241, 2, 2, 1, 1, 480, 18, 578, '2019-12-22 08:10:03', 'aa7b681e05a409920b45e4c12d2120b1.jpg', 2, NULL),
(242, 2, 4, 1, 1, 120, 18, 578, '2019-12-22 08:11:36', '0c1fc7d55deb0b9f24636de849daa911.jpg', 2, NULL),
(243, 7, 1, 1, 1, 540, 20, 564, '2019-12-22 08:13:39', 'd3f26974bb0c8f31e7473123d073a2ab.jpg', 2, NULL),
(244, 4, 4, 3, 1, 150, 18, 578, '2019-12-22 08:14:18', '62362cb82a1539693d60c8e998e18589.jpg', 2, NULL),
(245, 7, 1, 1, 1, 540, 20, 559, '2019-12-22 08:14:44', '68c710056f993e7cc4da1c58a490c367.jpg', 2, NULL),
(246, 1, 3, 1, 1, 120, 20, 559, '2019-12-22 08:15:44', '48cf7602bb93e5b2c5de7e8942fed665.jpg', 2, NULL),
(247, 4, 4, 3, 1, 150, 18, 578, '2019-12-22 08:17:19', 'f2a96283f079f79d19a41e44b91a54d9.jpg', 3, NULL),
(248, 6, 1, 1, 1, 180, 20, 451, '2019-12-22 08:18:35', '3adee4461bc7e8888fc958a24374ba50.jpg', 2, NULL),
(249, 6, 1, 1, 1, 180, 20, 451, '2019-12-22 08:18:54', '27ab462357e470117a4947e39c36c710.jpg', 3, ''),
(250, 2, 4, 1, 1, 120, 18, 574, '2019-12-22 08:20:31', 'f43c786b140bb974f3ff29298d5a27c7.jpg', 3, 'Под эгидой НИШ - мероприятие либо под организацией НИШ, либо участник участвует в сборной НИШ/Казахстана. Мероприятие НЕ под эгидой НИШ.'),
(251, 7, 2, 2, 1, 240, 20, 559, '2019-12-22 08:20:31', '68c22661fc275208fb86190aaf4e5188.jpg', 2, NULL),
(252, 8, 4, 1, 1, 180, 1, 578, '2019-12-22 08:21:21', '9a6d42e9717e37786914d133278f140d.jpg', 3, ''),
(253, 8, 4, 3, 1, 60, 1, 578, '2019-12-22 08:21:31', '0775ddadc95c7e6275fd577ed64a6f63.jpg', 3, ''),
(254, 4, 4, 3, 1, 150, 1, 578, '2019-12-22 08:22:00', '837282d2e325d346a4b0b0752fc1f4f9.jpg', 2, NULL),
(255, 6, 4, 1, 1, 30, 18, 574, '2019-12-22 08:25:39', '330a6f9aa3b7d4b7697ec8312e077139.jpg', 2, NULL),
(256, 7, 2, 2, 1, 240, 18, 574, '2019-12-22 08:33:24', '9a2f9b096bdee026cb7db51cd90580ab.jpg', 2, NULL),
(257, 7, 2, 2, 1, 240, 18, 583, '2019-12-22 08:34:00', '3521d6766a86b4b8716ee3a3716d0694.jpg', 2, NULL),
(258, 4, 4, 3, 1, 150, 18, 581, '2019-12-22 08:50:39', 'b0f8fbfbb2adaa474e98df5216e282b5.jpg', 2, NULL),
(259, 2, 4, 3, 1, 40, 18, 572, '2019-12-22 09:37:53', '2dfc4d5ec5566a53e975ad97bab3e34d.jpg', 2, NULL),
(260, 5, 4, 1, 1, 15, 18, 572, '2019-12-22 09:42:21', '93745d2e86a2ed4d84765a5b278d7402.jpg', 3, ''),
(261, 6, 4, 1, 1, 30, 18, 572, '2019-12-22 09:43:05', '964dc2ea397052d9df92794556dcb184.jpg', 2, NULL),
(262, 1, 3, 1, 2, 60, 29, 497, '2019-12-22 15:09:23', '', 3, 'нет фото'),
(263, 1, 3, 1, 2, 60, 29, 497, '2019-12-22 15:09:39', '', 3, 'нет фото'),
(264, 1, 3, 1, 2, 60, 29, 499, '2019-12-22 15:10:21', '', 3, 'нет фото'),
(265, 1, 3, 1, 2, 60, 29, 499, '2019-12-22 15:14:44', '', 3, 'нет фото'),
(266, 1, 3, 1, 2, 60, 29, 499, '2019-12-22 15:24:49', '', 3, 'нет фото'),
(267, 4, 1, 1, 1, 2700, 24, 473, '2019-12-22 15:25:46', '', 3, ''),
(268, 4, 1, 1, 1, 2700, 24, 473, '2019-12-22 15:29:00', '', 3, ''),
(269, 4, 1, 1, 1, 2700, 24, 473, '2019-12-22 15:29:16', '', 3, ''),
(270, 1, 3, 1, 2, 60, 29, 497, '2019-12-22 15:33:35', 'deea7af6bd47989240cb5a8a5c4e9d20.jpg', 2, NULL),
(271, 4, 1, 1, 1, 2700, 24, 473, '2019-12-22 15:37:11', '', 3, ''),
(272, 4, 1, 1, 1, 2700, 24, 473, '2019-12-22 15:38:00', '', 3, ''),
(273, 4, 1, 1, 1, 2700, 24, 473, '2019-12-22 15:38:22', '', 3, ''),
(274, 4, 1, 1, 1, 2700, 24, 473, '2019-12-22 15:39:04', '', 3, ''),
(275, 4, 1, 1, 1, 2700, 24, 473, '2019-12-22 15:42:13', '', 3, NULL),
(276, 1, 3, 1, 2, 60, 29, 499, '2019-12-22 16:01:51', '', 3, 'нет фото'),
(277, 1, 1, 1, 1, 360, 22, 17, '2019-12-23 07:58:45', '31c8d7c376f490898b4ef02f57657b62.jpg', 2, NULL),
(278, 1, 2, 2, 1, 160, 22, 18, '2019-12-23 08:04:16', '08ac9a0003a72282bc5c32fb42dcce55.jpg', 2, NULL),
(279, 1, 2, 1, 1, 240, 22, 404, '2019-12-23 08:06:57', '4566facc0ab9efacdb5169cc0c0cdf10.jpg', 2, NULL),
(280, 1, 3, 1, 1, 120, 22, 406, '2019-12-23 08:21:21', '3e8a76fcd8744fe04d967f079cf73d0a.jpg', 2, NULL),
(281, 1, 2, 1, 1, 240, 22, 401, '2019-12-23 08:22:05', '5759a971afcd3d45c4953e8b6bed9e64.jpg', 2, NULL),
(282, 1, 4, 1, 1, 60, 22, 409, '2019-12-23 08:25:38', '2ea48ff8c789d0a79c614376dd29822c.jpg', 2, NULL),
(283, 1, 1, 1, 1, 360, 22, 18, '2019-12-23 08:29:10', 'b553022007b35475cadeb9e9990e575e.jpg', 2, NULL),
(284, 1, 1, 2, 1, 240, 22, 413, '2019-12-23 08:31:52', 'dd96907c944a93275f479c2bdb07eda1.jpg', 2, NULL),
(285, 1, 2, 1, 1, 240, 22, 3, '2019-12-23 08:32:34', 'f11702cfea5d6dfba72101dd9396dfcb.jpg', 2, NULL),
(286, 1, 3, 1, 1, 120, 22, 8, '2019-12-23 08:33:08', 'c42c2e30681b3c3fac629a86f751f5c1.jpg', 2, NULL),
(287, 1, 2, 2, 1, 160, 22, 7, '2019-12-23 08:33:50', '2d6abb8a3364bff47d7fddc42f35688e.jpg', 2, NULL),
(288, 7, 3, 2, 1, 120, 22, 405, '2019-12-23 08:35:12', '0115f991a7f919a8903ade57c52d70fa.jpg', 2, NULL),
(289, 1, 1, 2, 1, 240, 22, 5, '2019-12-23 08:36:58', '298e8d1f02f696192f34b1949087bc0b.jpg', 2, NULL),
(290, 2, 4, 2, 1, 80, 22, 404, '2019-12-23 08:38:22', 'cab993b06f0e80c50bd04ca9551c867b.jpg', 2, NULL),
(291, 8, 3, 1, 1, 360, 22, 22, '2019-12-23 08:40:42', '346c735761bcad6a8b67ec53a9ef651f.jpg', 2, NULL),
(292, 1, 3, 1, 2, 60, 22, 22, '2019-12-23 08:47:26', 'de34a66f4b713afae1a407411e0ea5bc.jpg', 2, NULL),
(293, 3, 1, 2, 1, 840, 1, 475, '2019-12-23 19:40:19', 'df3d38e51260ca00340f5a10815e10b6.jpg', 2, NULL),
(294, 4, 4, 2, 1, 300, 1, 475, '2019-12-23 19:40:34', '0a7051d2226ad3d58511ba1501aee0e8.jpg', 2, NULL),
(295, 6, 2, 2, 12, 6.6666666666667, 29, 309, '2019-12-23 19:56:59', '', 3, ''),
(296, 6, 3, 2, 1, 40, 29, 497, '2019-12-23 20:15:50', 'a7106b96ef58b6d41589cc7df77e782b.jpg', 3, ''),
(297, 4, 4, 1, 1, 450, 25, 598, '2019-12-24 05:51:35', 'a05b132503586eeb35e34bcc465812ff.jpg', 2, NULL),
(298, 4, 2, 1, 1, 1800, 25, 598, '2019-12-24 05:52:43', 'a0ffd59f5a9eaaa737cdcc7a81158faa.jpg', 3, NULL),
(299, 3, 1, 3, 1, 420, 25, 180, '2019-12-24 05:55:38', '180779b17a1d512dda7a5ada6a3ec9b3.jpg', 3, 'Не под эгидой ниш, дистанционные опускаются на уровень ниже( респ=> областной)'),
(300, 1, 4, 2, 1, 40, 25, 596, '2019-12-24 06:00:12', 'f160fe920ed0d69ecd5d0613369d4fd8.jpg', 2, NULL),
(301, 6, 3, 3, 2, 10, 31, 477, '2019-12-24 07:54:03', '5348a9b1d4a8bf0847fc7bdc9bf9e627.jpg', 2, NULL),
(302, 8, 1, 1, 1, 1080, 1, 598, '2019-12-24 08:15:27', 'b39d076b25900c28de75dd10462fbe56.jpg', 3, ''),
(303, 8, 2, 1, 1, 720, 1, 598, '2019-12-24 08:16:03', 'd0e1026fc1ecb1059e56a482f2ec44a9.jpg', 2, NULL),
(304, 4, 1, 1, 1, 2700, 1, 473, '2019-12-24 08:31:36', '', 3, NULL),
(305, 6, 3, 3, 2, 10, 31, 477, '2019-12-24 08:31:37', '664be163dcfb3c6d5155a5f4341c002c.jpg', 3, ''),
(306, 2, 4, 1, 1, 120, 25, 169, '2019-12-24 10:45:08', '75d6dbf58898d7325d5197251bf9d627.jpg', 2, NULL),
(307, 1, 4, 3, 1, 20, 25, 179, '2019-12-24 10:48:29', 'a6d26e9a4e8e1977ba1f952b9bc1e77d.jpg', 2, NULL),
(308, 1, 4, 2, 1, 40, 25, 184, '2019-12-24 10:57:26', 'd759b7ed8c9aa03102963874bb327fa2.jpg', 2, NULL),
(309, 4, 3, 3, 1, 300, 25, 180, '2019-12-24 10:59:30', 'fb7869d4b2868b8317be822699efc846.jpg', 2, NULL),
(310, 1, 2, 1, 1, 240, 25, 180, '2019-12-24 11:00:47', 'c722e5699f5e5ffa562c66cef6af6f7d.jpg', 2, NULL),
(311, 1, 3, 3, 1, 40, 25, 180, '2019-12-24 11:03:36', '02d255c0cfccacd19cb46caf53a0a669.jpg', 2, NULL),
(312, 1, 2, 1, 1, 240, 25, 180, '2019-12-24 11:06:20', 'ebb130fb669ac58b2020ddd41cde7ad9.jpg', 2, NULL),
(313, 1, 1, 1, 1, 360, 25, 183, '2019-12-24 11:08:31', '16b70ba993ac6e39102ccbbddaafff2a.jpg', 2, NULL),
(314, 1, 4, 2, 1, 40, 25, 165, '2019-12-24 11:10:01', '9287fd3939a09f8e3be63caae6afe321.jpg', 2, NULL),
(315, 1, 1, 1, 1, 360, 25, 181, '2019-12-24 11:11:19', '7b55c17a1d536b38b06cc6195bbb4a16.jpg', 2, NULL),
(316, 1, 4, 3, 1, 20, 25, 168, '2019-12-24 11:12:34', 'f69417f609c98b0bc5085e818f511913.jpg', 2, NULL),
(317, 1, 4, 3, 1, 20, 25, 175, '2019-12-24 11:14:01', '55befb6809d5e3b9836b68118817c640.jpg', 2, NULL),
(318, 1, 2, 1, 1, 240, 25, 166, '2019-12-24 11:15:36', '1b59d69e0d208ddf4f2cc75131a0127e.jpg', 2, NULL),
(319, 1, 4, 1, 1, 60, 25, 594, '2019-12-24 11:16:57', '305d43b21f509145432bee14925df699.jpg', 2, NULL),
(320, 1, 3, 1, 1, 120, 25, 590, '2019-12-24 11:18:19', '536e10915ab88bb711b6ad558140b3c9.jpg', 2, NULL),
(321, 1, 2, 1, 1, 240, 25, 603, '2019-12-24 11:19:28', '1639864862cf932150572f6886e58d17.jpg', 2, NULL),
(322, 1, 1, 1, 1, 360, 25, 596, '2019-12-24 11:20:46', 'ad51f92d96091428f433336bb0711c9d.jpg', 2, NULL),
(323, 1, 2, 1, 1, 240, 25, 597, '2019-12-24 11:21:48', 'ccfd4e0f613e927522186c96c2b5af8d.jpg', 2, NULL),
(324, 1, 2, 1, 1, 240, 25, 592, '2019-12-24 11:22:47', '5624444633593365df86e5eb3ed0d819.jpg', 2, NULL),
(325, 6, 1, 3, 1, 60, 25, 180, '2019-12-24 11:27:56', '333799ddf0a574728104657e2a8f2943.jpg', 2, NULL),
(326, 6, 3, 3, 2, 10, 31, 477, '2019-12-24 12:20:21', 'b2c8e57a086463175fc63f20013aee95.jpg', 3, ''),
(327, 1, 3, 1, 1, 120, 12, 208, '2019-12-24 13:11:34', '', 3, 'Нет фото'),
(328, 1, 3, 1, 1, 120, 12, 208, '2019-12-24 13:12:27', '', 3, 'нет фото'),
(329, 1, 3, 1, 1, 120, 12, 208, '2019-12-24 13:14:45', '', 3, 'нет фото'),
(330, 1, 3, 1, 1, 120, 12, 208, '2019-12-24 13:15:46', '', 3, 'нет фото'),
(331, 8, 2, 2, 1, 480, 24, 460, '2019-12-24 14:00:05', 'a3e9305d8ea983a643570285040dccf4.jpg', 2, NULL),
(332, 1, 1, 2, 1, 240, 24, 461, '2019-12-24 14:01:46', 'f7734c58440f6879ac7733e7efb245c4.jpg', 2, NULL),
(333, 6, 4, 3, 2, 5, 24, 269, '2019-12-24 14:06:16', '9ea60cc78778d357136af48fb4142041.jpg', 2, NULL),
(334, 1, 2, 1, 1, 240, 24, 468, '2019-12-24 14:08:58', '1d856eda6a4487ff50cc1c5a6cbf4259.jpg', 2, NULL),
(335, 8, 4, 3, 1, 60, 24, 467, '2019-12-24 14:13:36', 'c2462c569c593c44fe367d2c60c2ac2d.jpg', 2, NULL),
(336, 7, 4, 1, 1, 90, 24, 269, '2019-12-24 14:15:55', '2afe2dd9bffa2bb3ae507dfd460e48a4.jpg', 2, NULL),
(337, 8, 4, 3, 1, 60, 24, 263, '2019-12-24 14:17:15', '9def1a9a1fcb1ecaf400877bab73313f.jpg', 2, NULL),
(338, 8, 4, 3, 1, 60, 24, 469, '2019-12-24 14:18:56', '926535e3d95d4e0e75cc14d99f2cd560.jpg', 2, NULL),
(339, 1, 3, 1, 1, 120, 24, 255, '2019-12-24 14:21:12', '0462ec8d66b344189308c9c642b30955.jpg', 2, NULL),
(340, 1, 2, 1, 1, 240, 24, 471, '2019-12-24 14:22:32', '503d22c2d55a84ee52d14c7fd1c37ce7.jpg', 2, NULL),
(341, 1, 2, 1, 1, 240, 24, 264, '2019-12-24 14:27:57', '1a467bbc8b4c1878f6d24c737ebdc2c3.jpg', 2, NULL),
(342, 1, 3, 1, 1, 120, 24, 253, '2019-12-24 14:29:04', 'c9a6f2e421aa0cd74fa8fa50ec11e3ea.jpg', 2, NULL),
(343, 1, 1, 1, 1, 360, 24, 261, '2019-12-24 14:30:55', 'a05028c629757b1d8328b4316f5d3187.jpg', 2, NULL),
(344, 1, 3, 1, 1, 120, 24, 267, '2019-12-24 14:33:17', 'c223996825af9021a18bfb5c2202e70a.jpg', 2, NULL),
(345, 1, 4, 1, 1, 60, 24, 469, '2019-12-24 14:34:31', 'f8d3ca68cb7f3c78ae0fe50d47d98a64.jpg', 2, NULL),
(346, 8, 4, 3, 1, 60, 24, 264, '2019-12-24 14:35:38', '3f205b21bad68a21e2244359e4799dea.jpg', 2, NULL),
(347, 1, 1, 1, 1, 360, 24, 459, '2019-12-24 14:40:45', '14b0a4fa8c08634054d072544b092fb0.jpg', 2, NULL),
(348, 8, 4, 3, 1, 60, 24, 455, '2019-12-24 14:41:43', '86fb644f54f6491d142a8486f5fb0992.jpg', 2, NULL),
(349, 1, 2, 1, 1, 240, 24, 264, '2019-12-24 14:44:47', '8bf09c8b9a5349b2f431e425288e14e1.jpg', 2, NULL),
(350, 1, 1, 1, 1, 360, 24, 474, '2019-12-24 14:45:43', '94cfc173c071a862883ced6955c20a59.jpg', 2, NULL),
(351, 1, 2, 1, 1, 240, 24, 264, '2019-12-24 14:47:09', '336e4e7b4f0dfe205d8e3b9fa8792e65.jpg', 2, NULL),
(352, 1, 1, 1, 1, 360, 24, 260, '2019-12-24 14:48:44', '18c4cbe1c41b6b09cd8477a621f989e7.jpg', 2, NULL),
(353, 4, 4, 2, 1, 300, 24, 457, '2019-12-24 14:50:38', '1a9ae78b7ce0c55609bab70015946c8e.jpg', 2, NULL),
(354, 1, 3, 1, 1, 120, 24, 269, '2019-12-24 14:51:50', 'baa38293be62d1dc115608f695c6ca2c.jpg', 2, NULL),
(355, 6, 2, 1, 1, 120, 24, 253, '2019-12-24 14:53:28', '7f34d01cc5ead65de1254faa26236f66.jpg', 2, NULL),
(356, 1, 2, 1, 1, 240, 24, 268, '2019-12-24 14:54:46', 'f29d08ab84e0a16042398b73c446ad31.jpg', 2, NULL),
(357, 1, 1, 3, 2, 60, 24, 264, '2019-12-24 14:56:04', 'ba69e32b6622e03d2da2e5b514702ebf.jpg', 2, NULL),
(358, 1, 1, 1, 1, 360, 24, 259, '2019-12-24 14:57:26', '0b7bac8bb2d6fb02dc8dc98e82b88b55.jpg', 2, NULL),
(359, 1, 3, 1, 1, 120, 24, 263, '2019-12-24 14:58:23', '24db086c2efdd5c478706164857379e7.jpg', 2, NULL),
(360, 1, 3, 1, 1, 120, 12, 208, '2019-12-24 15:11:51', '', 3, 'нет фото'),
(361, 8, 4, 3, 1, 60, 1, 484, '2019-12-24 15:16:18', '2771d96c8f6e8e21cf43c95f6e76f1d2.jpg', 2, NULL),
(362, 1, 1, 1, 1, 360, 1, 233, '2019-12-24 15:44:10', '44f14a16390fd5f4e8107c920ea01413.jpg', 2, NULL),
(363, 1, 3, 1, 1, 120, 1, 233, '2019-12-24 15:44:19', '801e5ecda59f63744d2ecf2d9b80ef5a.jpg', 3, ''),
(364, 4, 1, 1, 1, 2700, 1, 473, '2019-12-24 17:06:39', '', 3, NULL),
(365, 1, 2, 1, 3, 80, 12, 218, '2019-12-24 17:13:35', '', 3, 'нет фото'),
(366, 1, 3, 1, 3, 40, 12, 211, '2019-12-24 17:17:10', '', 3, 'нет фото'),
(367, 4, 1, 2, 1, 1800, 12, 209, '2019-12-24 17:57:21', '', 3, 'нет фото'),
(368, 1, 3, 1, 1, 120, 12, 213, '2019-12-24 17:57:47', '', 3, 'нет фото'),
(369, 4, 1, 2, 1, 1800, 12, 214, '2019-12-24 17:58:12', '', 3, 'нет фото'),
(370, 2, 2, 2, 1, 320, 12, 214, '2019-12-24 17:59:55', '', 3, 'нет фото'),
(371, 1, 2, 2, 1, 160, 12, 217, '2019-12-24 18:00:15', '', 3, 'нет фото'),
(372, 1, 4, 3, 1, 20, 12, 211, '2019-12-24 18:02:43', '', 3, 'нет фото'),
(373, 1, 3, 2, 1, 80, 12, 211, '2019-12-24 18:03:08', '', 3, 'нет фото'),
(374, 1, 2, 3, 1, 80, 12, 208, '2019-12-24 18:09:13', '', 3, 'нет фото'),
(375, 1, 2, 3, 1, 80, 12, 208, '2019-12-24 18:27:25', '5b3a11ccb0967ef79d3d66cb1d3de374.jpg', 1, NULL),
(376, 1, 2, 1, 1, 240, 12, 218, '2019-12-24 18:30:31', 'a6171e0bca51ce53cb99f914f3de719b.jpg', 1, NULL),
(377, 1, 3, 1, 1, 120, 12, 211, '2019-12-24 18:36:53', 'a3614c8be7d40bf1b3474bc61496fd79.jpg', 1, NULL),
(378, 4, 1, 2, 1, 1800, 12, 209, '2019-12-24 18:38:37', '7e556e4fdbb46a0ee73287f0f2b403de.jpg', 1, NULL),
(379, 4, 1, 2, 1, 1800, 12, 214, '2019-12-24 18:39:10', '974eab768074913386418523cf44a404.jpg', 1, NULL),
(380, 1, 3, 1, 1, 120, 12, 213, '2019-12-24 18:39:53', '12260491fabce7028fc44595a590c64b.jpg', 1, NULL),
(381, 1, 3, 2, 1, 80, 12, 211, '2019-12-24 18:40:39', '578a44eaaf684dfa303835a5af13016a.jpg', 1, NULL),
(382, 1, 4, 1, 1, 60, 12, 211, '2019-12-24 18:42:56', 'e012c9cbafff5419342ec989c42d1171.jpg', 1, NULL),
(383, 2, 2, 2, 1, 320, 12, 214, '2019-12-24 18:44:43', '74c546e4d8bf2cca555b921bc3ef3e4e.jpg', 1, NULL),
(384, 1, 2, 2, 1, 160, 12, 217, '2019-12-24 18:45:18', '11032e49fdab456b2d996adc64ed0b1f.jpg', 1, NULL),
(385, 2, 4, 2, 8, 10, 28, 291, '2019-12-24 18:54:31', '0da253a89520bd6861cc6129fcfbec0d.jpeg', 1, NULL),
(386, 6, 4, 1, 1, 30, 27, 367, '2019-12-24 19:01:55', '', 1, NULL),
(387, 6, 4, 1, 1, 30, 27, 367, '2019-12-24 19:03:06', 'a081a6f836877760321c1aa59d7d62b8.jpg', 1, NULL),
(388, 3, 1, 2, 1, 840, 27, 357, '2019-12-24 19:05:05', 'facb5e968070a31b92860df0c7396235.jpg', 1, NULL),
(389, 2, 4, 2, 1, 80, 27, 359, '2019-12-24 19:06:47', '780190d468ea18979e33da16d21c9695.jpg', 1, NULL),
(390, 1, 2, 3, 1, 80, 14, 159, '2019-12-24 19:36:36', '', 1, NULL),
(391, 1, 1, 1, 1, 360, 14, 352, '2019-12-24 19:37:31', '92230d6478e0ea708a1a64e95c7fe3a9.jpg', 1, NULL),
(392, 1, 2, 3, 1, 80, 14, 159, '2019-12-24 19:39:41', 'c5f129227e7e9967fa5df843943a2684.jpg', 1, NULL),
(393, 1, 2, 1, 2, 120, 14, 147, '2019-12-24 19:40:36', 'ef9c134bc04d037341d7bd65bd257d57.jpg', 1, NULL),
(394, 3, 1, 2, 10, 84, 1, 166, '2021-04-23 11:10:05', 'c791c3830141403458bfdbbf93bbbbc6.png', 3, 'нет фото'),
(395, 3, 1, 2, 10, 84, 1, 166, '2021-04-23 11:37:42', '', 3, 'нет фото'),
(396, 3, 1, 1, 1, 1260, 1, 166, '2021-04-23 13:05:45', '66d36dad9dbc7b65af0c75d2ac65e9a0.png', 1, NULL),
(397, 3, 1, 1, 10, 126, 1, 166, '2021-04-23 13:06:04', '', 1, NULL),
(398, 3, 1, 2, 1, 840, 1, 166, '2021-04-23 13:08:19', 'd3f0fc37df803ff2ad52f2557b7c1d74.png', 1, NULL),
(399, 3, 1, 2, 1, 840, 1, 166, '2021-04-23 13:09:31', '8830bca191dfd0986c83932ae2866221.png', 1, NULL);

-- --------------------------------------------------------

--
-- Структура таблицы `roles`
--

CREATE TABLE `roles` (
  `id` int(11) NOT NULL,
  `role` varchar(255) COLLATE utf8mb4_unicode_ci NOT NULL
) ENGINE=InnoDB DEFAULT CHARSET=utf8mb4 COLLATE=utf8mb4_unicode_ci;

--
-- Дамп данных таблицы `roles`
--

INSERT INTO `roles` (`id`, `role`) VALUES
(1, 'Админ'),
(2, 'Лидер');

-- --------------------------------------------------------

--
-- Структура таблицы `shanyraks`
--

CREATE TABLE `shanyraks` (
  `id` int(11) NOT NULL,
  `shanyrak` varchar(100) COLLATE utf8mb4_unicode_ci NOT NULL,
  `rating` double NOT NULL,
  `img` varchar(500) COLLATE utf8mb4_unicode_ci NOT NULL
) ENGINE=InnoDB DEFAULT CHARSET=utf8mb4 COLLATE=utf8mb4_unicode_ci;

--
-- Дамп данных таблицы `shanyraks`
--

INSERT INTO `shanyraks` (`id`, `shanyrak`, `rating`, `img`) VALUES
(1, 'Сарыарқа', 60, 'saryarqa.png'),
(2, 'Каспий', 4570, 'kaspii.png'),
(3, 'Жетісу', 5495, 'jetisy.png'),
(4, 'Ақжайық', 0, 'aqjaiyq.png'),
(5, 'Алатау', 5190, 'alatau.png'),
(6, 'Алаш', 3340, 'alash.png\r\n'),
(7, 'Арыс', 2070, 'arys.png'),
(8, 'Атамекен', 2880, 'atameken.png'),
(9, 'Байқоңыр', 3520, 'baiqonur.png'),
(10, 'Бәйтерек', 5910, 'baiterek.png'),
(11, 'Оқжетпес', 0, 'oqjetpes.png'),
(12, 'Орда', 2820, 'orda.png'),
(13, 'Самұрық', 0, 'samuryq.png'),
(14, 'Тұлпар', 1140, 'tulpar.png'),
(15, 'Хан Тәңірі', 7590, 'hantaniri.png');

-- --------------------------------------------------------

--
-- Структура таблицы `statuses`
--

CREATE TABLE `statuses` (
  `id` int(11) NOT NULL,
  `status` varchar(100) COLLATE utf8mb4_unicode_ci NOT NULL
) ENGINE=InnoDB DEFAULT CHARSET=utf8mb4 COLLATE=utf8mb4_unicode_ci;

--
-- Дамп данных таблицы `statuses`
--

INSERT INTO `statuses` (`id`, `status`) VALUES
(1, 'Новый'),
(2, 'Принято'),
(3, 'Отклонено');

-- --------------------------------------------------------

--
-- Структура таблицы `students`
--

CREATE TABLE `students` (
  `id` int(11) NOT NULL,
  `last_name` varchar(100) DEFAULT NULL,
  `middle_name` varchar(100) NOT NULL,
  `first_name` varchar(45) DEFAULT NULL,
  `grade` int(11) DEFAULT NULL,
  `grade_number` int(11) DEFAULT NULL,
  `shanyrak` int(11) NOT NULL,
  `rating` double NOT NULL,
  `is_olymp` tinyint(1) NOT NULL,
  `is_project` tinyint(1) NOT NULL,
  `img` varchar(500) NOT NULL
) ENGINE=InnoDB DEFAULT CHARSET=utf8mb3;

--
-- Дамп данных таблицы `students`
--

INSERT INTO `students` (`id`, `last_name`, `middle_name`, `first_name`, `grade`, `grade_number`, `shanyrak`, `rating`, `is_olymp`, `is_project`, `img`) VALUES
(1, 'АЖГАЛИ', '', 'ЖАЛГАС', 14, 7, 9, 0, 0, 0, ''),
(2, 'АЛИГАЗИЕВА', '', 'САБИНА', 14, 7, 9, 0, 0, 0, ''),
(3, 'АРОНКЫЗЫ', '', 'АЙНАМКОЗ', 14, 7, 9, 240, 0, 0, ''),
(4, 'БАЗАРГАЛИ', '', 'НУРДАУЛЕТ', 14, 7, 9, 0, 0, 0, ''),
(5, 'ЕРКИНКЫЗЫ', '', 'ИЛТИФАТ', 14, 7, 9, 240, 0, 0, ''),
(6, 'ЕСЕТОВ', '', 'АЛИХАН', 14, 7, 9, 0, 0, 0, ''),
(7, 'ЖАРДЕМ', '', 'ЖАНАР', 14, 7, 9, 160, 0, 0, ''),
(8, 'ЖАСУЛАНУЛЫ', '', 'МУСЛИМ', 14, 7, 9, 120, 0, 0, ''),
(9, 'ЖЕКСЕМБИЕВА', '', 'АЙША', 14, 7, 9, 0, 0, 0, ''),
(10, 'ЗЕЙНУЛЛИНА', '', 'АЙГЕРИМ', 14, 7, 9, 0, 0, 0, ''),
(11, 'ИСКАКОВ', '', 'РАХЫМЖАН', 14, 7, 9, 0, 0, 0, ''),
(12, 'КАДЫРБЕК', '', 'ГУЛДИНАЗ', 14, 7, 9, 0, 0, 0, ''),
(13, 'КОЖАБАЕВА', '', 'НАЗИГАТ', 14, 7, 9, 0, 0, 0, ''),
(14, 'КУРМАШЕВ', '', 'ДАМИР', 14, 7, 9, 0, 0, 0, ''),
(15, 'МАКСУТОВ', '', 'ДАУРЕН', 14, 7, 9, 0, 0, 0, ''),
(16, 'ОТЕПКАЛИ', '', 'МАХАМБЕТ', 14, 7, 9, 0, 0, 0, ''),
(17, 'САЛИМЖАН', '', 'САНЖАР', 14, 7, 9, 360, 0, 0, ''),
(18, 'СЕЙДАЗЫМОВ', '', 'АДИЛЬ', 14, 7, 9, 520, 0, 0, ''),
(19, 'СЕРИКОВА', '', 'КАДЫРШАТ', 14, 7, 9, 0, 0, 0, ''),
(20, 'ТЛЕУ', '', 'ЕРУЛАН', 14, 7, 9, 0, 0, 0, ''),
(21, 'ТЫНЫШТЫК', '', 'ДАРХАН', 14, 7, 9, 0, 0, 0, ''),
(22, 'ХУСАИНОВ', '', 'МАРАТ', 14, 7, 9, 420, 0, 0, ''),
(23, 'АБУЛКАЙРОВА', '', 'АЙШАБИБИ', 25, 7, 13, 0, 0, 0, ''),
(24, 'АДИЛОВ', '', 'ОМИРБЕК', 25, 7, 13, 0, 0, 0, ''),
(25, 'АМАНТАЕВА', '', 'АЙЫМЖАН', 25, 7, 13, 0, 0, 0, ''),
(26, 'АМАНТАЙ', '', 'ДИАС', 25, 7, 13, 0, 0, 0, ''),
(27, 'АКТАЙ', '', 'РАЯНА', 25, 7, 13, 0, 0, 0, ''),
(28, 'БАХТЫГЕРЕЕВ', '', 'АЛИХАН', 25, 7, 13, 0, 0, 0, ''),
(29, 'ЕСЕНГАЛИЕВА', '', 'ЛИЛИЯ', 25, 7, 13, 0, 0, 0, ''),
(30, 'ЕРБОЛАТ', '', 'НАРГИЗ', 25, 7, 13, 0, 0, 0, ''),
(31, 'ЗУЛКАРНАЙ', '', 'ЖАНБЕК', 25, 7, 13, 0, 0, 0, ''),
(32, 'ИХСАН', '', 'СЕРЖАН', 25, 7, 13, 0, 0, 0, ''),
(33, 'КУБАЙДОЛЛАЕВ', '', 'АБИЛМАНСУР', 25, 7, 13, 0, 0, 0, ''),
(34, 'КУЛМУХАНБЕТ', '', 'РАСУЛ', 25, 7, 13, 0, 0, 0, ''),
(35, 'КУПТЛЕУОВА', '', 'АЛЬБИНА', 25, 7, 13, 0, 0, 0, ''),
(36, 'КАЙЫРЖАН', '', 'ОРАЗ', 25, 7, 13, 0, 0, 0, ''),
(37, 'МАРАТ', '', 'ЯСМИНА', 25, 7, 13, 0, 0, 0, ''),
(38, 'МАДИ', '', 'АЛТЫНБЕК', 25, 7, 13, 0, 0, 0, ''),
(39, 'НАСИПКАЛИ', '', 'ЕРНУР', 25, 7, 13, 0, 0, 0, ''),
(40, 'ОМАР', '', 'МОЛДИР', 25, 7, 13, 0, 0, 0, ''),
(41, 'САТКАЛИУЛЫ', '', 'БЕКЗАТ', 25, 7, 13, 0, 0, 0, ''),
(42, 'УСПАНОВА', '', 'КУНСАУЛЕ', 25, 7, 13, 0, 0, 0, ''),
(43, 'УТЕП', '', 'ИСАТАЙ', 25, 7, 13, 0, 0, 0, ''),
(44, 'ХАЛЕЛ', '', 'АДИЛЕТ', 25, 7, 13, 0, 0, 0, ''),
(45, 'ШАМИШ', '', 'МЕЙИРБЕК', 25, 7, 13, 0, 0, 0, ''),
(46, 'ШИЯП', '', 'САБИНА', 25, 7, 13, 0, 0, 0, ''),
(47, 'АМАНТАЙ', '', 'ЕРНАР', 21, 7, 11, 0, 0, 0, ''),
(48, 'АДИЛ', '', 'АЙАРУ', 21, 7, 11, 0, 0, 0, ''),
(49, 'БАЙКАТ', '', 'БАТЫРХАН', 21, 7, 11, 0, 0, 0, ''),
(50, 'БОРИСОВ', '', 'АДИЛЬХАН', 21, 7, 11, 0, 0, 0, ''),
(51, 'ГУМАР', '', 'АДИЛЕТ', 21, 7, 11, 0, 0, 0, ''),
(52, 'ДАВЛЕТОВ', '', 'АЛИШЕР', 21, 7, 11, 0, 0, 0, ''),
(53, 'ДОСЖАНОВА', '', 'НАЗЕРКЕ', 21, 7, 11, 0, 0, 0, ''),
(54, 'ЕРСАЙЫН', '', 'АЙШАБИБИ', 21, 7, 11, 0, 0, 0, ''),
(55, 'ЕСПОЛ', '', 'УАЛИХАН', 21, 7, 11, 0, 0, 0, ''),
(56, 'ЖАЙЛАУ', '', 'АЙНА', 21, 7, 11, 0, 0, 0, ''),
(57, 'ЖАЛГАСБАЙ', '', 'АКТИЛЕК', 21, 7, 11, 0, 0, 0, ''),
(58, 'ЖОЛАМАН', '', 'РЕЙЧЕЛ', 21, 7, 11, 0, 0, 0, ''),
(59, 'ЗИНУЛЛИН', '', 'НУРСУЛТАН', 21, 7, 11, 0, 0, 0, ''),
(60, 'ЗИЯХМЕТОВА', '', 'ЖАСМИНА', 21, 7, 11, 0, 0, 0, ''),
(61, 'ИМАНБАЕВА', '', 'ЛИНАРА', 21, 7, 11, 0, 0, 0, ''),
(62, 'ИМАНГАЛИ', '', 'МУХАММЕД', 21, 7, 11, 0, 0, 0, ''),
(63, 'КАЙЫРБЕККЫЗЫ', '', 'НАЗЕРКЕ', 21, 7, 11, 0, 0, 0, ''),
(64, 'КУАНЫШКАЛИ', '', 'НУРИСЛАМ', 21, 7, 11, 0, 0, 0, ''),
(65, 'КЫЙЛАУ', '', 'КАЙСАР', 21, 7, 11, 0, 0, 0, ''),
(66, 'МАМЕТАН', '', 'АБЫЛАЙ', 21, 7, 11, 0, 0, 0, ''),
(67, 'МАНАРБЕКУЛЫ', '', 'БЕКЗАТ', 21, 7, 11, 0, 0, 0, ''),
(68, 'УМАРОВ', '', 'АРЫСТАН', 21, 7, 11, 0, 0, 0, ''),
(69, 'АБДУГАЛИ', '', 'АДИ', 13, 7, 8, 0, 0, 0, ''),
(70, 'АЙГАЛИЕВА', '', 'ДИЛЯРА', 13, 7, 8, 0, 0, 0, ''),
(71, 'АХМЕТКАЛИ', '', 'ЕСКЕНДИР', 13, 7, 8, 0, 0, 0, ''),
(72, 'БАИРОВА', '', 'АЛИМА', 13, 7, 8, 0, 0, 0, ''),
(73, 'БАКЫТЖАН', '', 'МЕРЕЙИМ', 13, 7, 8, 0, 0, 0, ''),
(74, 'ДИЛМАН', '', 'АДИЛХАН', 13, 7, 8, 0, 0, 0, ''),
(75, 'ЕСИМОВ', '', 'БЕКАРЫС', 13, 7, 8, 0, 0, 0, ''),
(76, 'ЖАСУЛАНОВ', '', 'БЕКЗАТ', 13, 7, 8, 0, 0, 0, ''),
(77, 'ИТАЛИЕВ', '', 'ДАУРЕН', 13, 7, 8, 0, 0, 0, ''),
(78, 'КИНЖЕНОВ', '', 'ИСМАИЛ', 13, 7, 8, 0, 0, 0, ''),
(79, 'КОЙШИНА', '', 'АЛУА', 13, 7, 8, 0, 0, 0, ''),
(80, 'МАКСОТ', '', 'ДУМАН', 13, 7, 8, 0, 0, 0, ''),
(81, 'МАКСОТ', '', 'МАНСУР', 13, 7, 8, 0, 0, 0, ''),
(82, 'МЭЛСОВ', '', 'ДАМИР', 13, 7, 8, 0, 0, 0, ''),
(83, 'НАРИМАНОВ', '', 'АБИЛМАНСУР', 13, 7, 8, 0, 0, 0, ''),
(84, 'САНСЫЗБАЕВА', '', 'БАЛАУСА', 13, 7, 8, 0, 0, 0, ''),
(85, 'САМИГОЛЛА', '', 'НАРГИЗ', 13, 7, 8, 0, 0, 0, ''),
(86, 'СЕРИКОВ', '', 'АМАНЕР', 13, 7, 8, 0, 0, 0, ''),
(87, 'ТЕМИРГАЛИЕВ', '', 'ДАМИР', 13, 7, 8, 0, 0, 0, ''),
(88, 'ТУМЕН', '', 'АБИЛСЕЙИТ', 13, 7, 8, 0, 0, 0, ''),
(89, 'ТЕМИРЗАХОВ', '', 'АДИЛЬЖАН', 13, 7, 8, 0, 0, 0, ''),
(90, 'ХАМИТОВ', '', 'АДИЛЬЖАН', 13, 7, 8, 0, 0, 0, ''),
(91, 'ШОИЫКОВА', '', 'АЯУЛЫМ', 13, 7, 8, 0, 0, 0, ''),
(92, 'АЙМАГАМБЕТОВА', '', 'АРУЖАН', 23, 7, 12, 0, 0, 0, ''),
(93, 'АЙТЕНОВА', '', 'АНЕЛЬ', 23, 7, 12, 0, 0, 0, ''),
(94, 'АМАНГЕЛДИ', '', 'ДИНЕЛЬ', 23, 7, 12, 0, 0, 0, ''),
(95, 'АСКАР', '', 'МИРА', 23, 7, 12, 0, 0, 0, ''),
(96, 'АЯПБЕРГЕНОВ', '', 'АКСЕРИК', 23, 7, 12, 0, 0, 0, ''),
(97, 'ДАУЕНОВ', '', 'ЧИНГИЗ', 23, 7, 12, 0, 0, 0, ''),
(98, 'ЕСЕТОВ', '', 'ЖАН', 23, 7, 12, 0, 0, 0, ''),
(99, 'ЖУМАГАЛИ', '', 'ЭМИР', 23, 7, 12, 120, 0, 0, ''),
(100, 'ИДЕНОВ', '', 'АЛИХАН', 23, 7, 12, 0, 0, 0, ''),
(101, 'ИЗБАСАРОВ', '', 'АЗАТ', 23, 7, 12, 40, 0, 0, ''),
(102, 'ИСТАЕВ', '', 'АЛПАМЫС', 23, 7, 12, 0, 0, 0, ''),
(103, 'КАЛИМ', '', 'АРУЖАН', 23, 7, 12, 0, 0, 0, ''),
(104, 'КРАЧКОВА', '', 'АНГЕЛИНА', 23, 7, 12, 0, 0, 0, ''),
(105, 'КУНБУЛАТОВ', '', 'АРЛАН', 23, 7, 12, 20, 0, 0, ''),
(106, 'КУЛМАТ', '', 'РАЙЫМБЕК', 23, 7, 12, 0, 0, 0, ''),
(107, 'МАСАЛИМОВ', '', 'БАКТИЕР', 23, 7, 12, 0, 0, 0, ''),
(108, 'МУКАНБЕТКАЛИЕВА', '', 'САЖИДА', 23, 7, 12, 0, 0, 0, ''),
(109, 'МЫРЗАШ', '', 'ДАНИЯР', 23, 7, 12, 0, 0, 0, ''),
(110, 'НАСЫРОВА', '', 'АРУЖАН', 23, 7, 12, 0, 0, 0, ''),
(111, 'НУГМАНОВ', '', 'АРСЕН', 23, 7, 12, 0, 0, 0, ''),
(112, 'САГИМБАЕВ', '', 'МАНСУР', 23, 7, 12, 120, 0, 0, ''),
(113, 'СЕЙТКАЛИЕВА', '', 'ЖУЛДЫЗ', 23, 7, 12, 540, 0, 0, ''),
(114, 'СЕРГАЗИЕВА', '', 'ДИЛЬНАЗ', 23, 7, 12, 180, 0, 0, ''),
(115, 'ХАСАНОВ', '', 'САБИТ', 23, 7, 12, 0, 0, 0, ''),
(116, 'АЙХИНОВА', '', 'АЙМЕКЕН', 9, 7, 7, 0, 0, 0, ''),
(117, 'АНВАР', '', 'ДАНИАЛ', 9, 7, 7, 0, 0, 0, ''),
(118, 'АХМЕТ', '', 'АРУАНА', 9, 7, 7, 0, 0, 0, ''),
(119, 'БАЙМУКАНОВ', '', 'АНИС', 9, 7, 7, 40, 0, 0, ''),
(120, 'БАСЕРОВА', '', 'ДИЛЬНАЗ', 9, 7, 7, 0, 0, 0, ''),
(121, 'БОБЫЛЕВА', '', 'ТАТЬЯНА', 9, 7, 7, 0, 0, 0, ''),
(122, 'ГАЛИЕВ', '', 'РУСЛАН', 9, 7, 7, 0, 0, 0, ''),
(123, 'ГАЛИМУЛЛА', '', 'АМИР', 9, 7, 7, 0, 0, 0, ''),
(124, 'КАДЫРГАЛИЕВА', '', 'ДИАНА', 9, 7, 7, 40, 0, 0, ''),
(125, 'КЕНЖИБАЕВА', '', 'САБИНА', 9, 7, 7, 0, 0, 0, ''),
(126, 'КУРМАНОВ', '', 'АБАЙ', 9, 7, 7, 0, 0, 0, ''),
(127, 'КИШИБАЕВА', '', 'АСЫЛЖАН', 9, 7, 7, 0, 0, 0, ''),
(128, 'МАХМУД', '', 'АДИЛЖАН', 9, 7, 7, 0, 0, 0, ''),
(129, 'МУСИН', '', 'БЕКСУЛТАН', 9, 7, 7, 0, 0, 0, ''),
(130, 'НУРГЕЛДИУЛЫ', '', 'ЕРАСЫЛ', 9, 7, 7, 0, 0, 0, ''),
(131, 'РАМАЗАН', '', 'АЛИШЕР', 9, 7, 7, 0, 0, 0, ''),
(132, 'САБИРОВА', '', 'ЗАРИНА', 9, 7, 7, 0, 0, 0, ''),
(133, 'СЕРИК', '', 'АНУАР', 9, 7, 7, 0, 0, 0, ''),
(134, 'ТУГАНБАЕВА', '', 'КАМИЛА', 9, 7, 7, 0, 0, 0, ''),
(135, 'УБНИЯЗОВ', '', 'РАЗЫМ', 9, 7, 7, 0, 0, 0, ''),
(136, 'УМАРОВ', '', 'АДЛЕТ', 9, 7, 7, 0, 0, 0, ''),
(137, 'УТЕУЛИЕВА', '', 'АЭЛИТА', 9, 7, 7, 0, 0, 0, ''),
(138, 'ХАСАНОВА', '', 'ДАНЭЛЯ', 9, 7, 7, 0, 0, 0, ''),
(139, 'ЮСУБАЛИЕВ', '', 'РУСТАМ', 9, 7, 7, 0, 0, 0, ''),
(140, 'АКЫЛБЕКОВА', '', 'АЯУЛЫМ', 5, 8, 5, 0, 0, 0, ''),
(141, 'АМАНГАЛИЕВА', '', 'АЙНАРА', 5, 8, 5, 0, 0, 0, ''),
(142, 'АХМЕДЖАН', '', 'АЛИ', 5, 8, 5, 0, 0, 0, ''),
(143, 'АХШОЛОВ', '', 'МЕРЛАН', 5, 8, 5, 0, 0, 0, ''),
(144, 'БАЖИРОВ', '', 'ТАМИРЛАН', 5, 8, 5, 0, 0, 0, ''),
(145, 'ДЖУМАЛИЕВ', '', 'ЖАНГИР', 5, 8, 5, 0, 0, 0, ''),
(146, 'ЕСЕНГАЛИЕВ', '', 'АРСЕН', 5, 8, 5, 0, 0, 0, ''),
(147, 'ЖОЛАМАНОВА', '', 'АЙША', 5, 8, 5, 1600, 0, 0, ''),
(148, 'ИМАНГАЛИЕВА', '', 'АЙГЕРИМ', 5, 8, 5, 0, 0, 0, ''),
(149, 'КАДИРГАЛИЕВА', '', 'АЙЗА', 5, 8, 5, 0, 0, 0, ''),
(150, 'МАДИХОВА', '', 'АЛЬНУР', 5, 8, 5, 0, 0, 0, ''),
(151, 'МЕНДЕШОВ', '', 'ДАНИАЛ', 5, 8, 5, 0, 0, 0, ''),
(152, 'ОРАЗАЛДЫ', '', 'ЖАСУЛАН', 5, 8, 5, 0, 0, 0, ''),
(153, 'РУМКУЛОВА', '', 'АНЕЛ', 5, 8, 5, 0, 0, 0, ''),
(154, 'САЙЛАУ', '', 'ГАЖАЙЫП', 5, 8, 5, 0, 0, 0, ''),
(155, 'САПАРОВ', '', 'АЛМАС', 5, 8, 5, 0, 0, 0, ''),
(156, 'СЕРИКБАЕВ', '', 'ЕРГЕН', 5, 8, 5, 0, 0, 0, ''),
(157, 'ТАЛАПОВ', '', 'АЛИМ', 5, 8, 5, 300, 0, 0, ''),
(158, 'ТЕМИРБОЛАТ', '', 'ДИЛНАЗ', 5, 8, 5, 0, 0, 0, ''),
(159, 'ТЕМИРТАС', '', 'ЕРКЕБУЛАН', 5, 8, 5, 0, 0, 0, ''),
(160, 'ТОКСАН', '', 'НУРГАУҺАР', 5, 8, 5, 80, 0, 0, ''),
(161, 'ТУСУРГАЛИЕВА', '', 'ЕЛНАЗ', 5, 8, 5, 0, 0, 0, ''),
(162, 'ХАЙРАМБАЕВ', '', 'АЛИМЖАН', 5, 8, 5, 0, 0, 0, ''),
(163, 'ШАМАРОВА', '', 'ЛИЗА', 5, 8, 5, 0, 0, 0, ''),
(164, 'АБДЕШ', '', 'ДИЛЬНАЗ', 20, 8, 2, 0, 0, 0, ''),
(165, 'БАУРЖАНОВ', '', 'ЕРАСЫЛ', 20, 8, 2, 40, 0, 0, ''),
(166, 'БЕКБУЛАТ', '', 'КАЙРАТ', 20, 8, 2, 240, 0, 0, ''),
(167, 'БИКЖАНОВА', '', 'ДИЛЬНАЗ', 20, 8, 2, 0, 0, 0, ''),
(168, 'ГАТАУОВА', '', 'НУРГУЛЬ', 20, 8, 2, 20, 0, 0, ''),
(169, 'ГУБАШЕВ', '', 'МАРАТ', 20, 8, 2, 120, 0, 0, ''),
(170, 'ДАУРЕНУЛЫ', '', 'ЖАҺАНГЕР', 20, 8, 2, 0, 0, 0, ''),
(171, 'ЕЛЕУ', '', 'АДИЯ', 20, 8, 2, 0, 0, 0, ''),
(172, 'ЕСКАЛИ', '', 'АКТИЛЕК', 20, 8, 2, 0, 0, 0, ''),
(173, 'ЖАЛГАСОВ', '', 'АЛИШЕР', 20, 8, 2, 0, 0, 0, ''),
(174, 'ЖАРКЕЕВА', '', 'ЖАМИЛЯ', 20, 8, 2, 0, 0, 0, ''),
(175, 'КАБЛАТИН', '', 'АКБОТА', 20, 8, 2, 20, 0, 0, ''),
(176, 'КУДАЙБЕРГЕНОВА', '', 'АЛУА', 20, 8, 2, 0, 0, 0, ''),
(177, 'МАКАРИМ', '', 'МИРАС', 20, 8, 2, 0, 0, 0, ''),
(178, 'МАМЕТАН', '', 'АЗАМАТ', 20, 8, 2, 0, 0, 0, ''),
(179, 'МУРАТОВ', '', 'ЕРАСЫЛ', 20, 8, 2, 20, 0, 0, ''),
(180, 'РАФИХОВА', '', 'АЙНАМКОЗ', 20, 8, 2, 880, 0, 0, ''),
(181, 'САГИТОВ', '', 'МАКСАТ', 20, 8, 2, 360, 0, 0, ''),
(182, 'САТАЕВ', '', 'РАХАТ', 20, 8, 2, 0, 0, 0, ''),
(183, 'СЕРИК', '', 'АРУХАН', 20, 8, 2, 360, 0, 0, ''),
(184, 'ТОЛЕГЕН', '', 'ДИЛДА', 20, 8, 2, 40, 0, 0, ''),
(185, 'АДИЛОВА', '', 'ТАЛШЫН', 30, 8, 15, 0, 0, 0, ''),
(186, 'АЙТБАЙ', '', 'НУРСУЛТАН', 30, 8, 15, 0, 0, 0, ''),
(187, 'АККАЛИ', '', 'АЙДОС', 30, 8, 15, 0, 0, 0, ''),
(188, 'АХМУРЗИН', '', 'АЛИРАХМАН', 30, 8, 15, 0, 0, 0, ''),
(189, 'БЕКЕТ', '', 'АЙША', 30, 8, 15, 60, 0, 0, ''),
(190, 'БЕРДЕНГАЛИ', '', 'БИБАРЫС', 30, 8, 15, 0, 0, 0, ''),
(191, 'ГУБАШЕВА', '', 'МИЛАНА', 30, 8, 15, 0, 0, 0, ''),
(192, 'ЕСЕН', '', 'АКТИЛЕК', 30, 8, 15, 0, 0, 0, ''),
(193, 'ЗИНЕШ', '', 'НУРСУЛТАН', 30, 8, 15, 0, 0, 0, ''),
(194, 'КАЗМУХАМБЕТОВ', '', 'ДАУЛЕТ', 30, 8, 15, 0, 0, 0, ''),
(195, 'КАППАНОВ', '', 'АЗАТ', 30, 8, 15, 240, 0, 0, ''),
(196, 'КУРМАНТАЕВА', '', 'ДИАНА', 30, 8, 15, 120, 0, 0, ''),
(197, 'КУАТКЫЗЫ', '', 'ЖАНЕЛЯ', 30, 8, 15, 0, 0, 0, ''),
(198, 'МЕДИНАМОВА', '', 'РУМИЛЯ', 30, 8, 15, 0, 0, 0, ''),
(199, 'САЛАУАТКЫЗЫ', '', 'АКБОТА', 30, 8, 15, 400, 0, 0, ''),
(200, 'САПАШ', '', 'АСЕМ', 30, 8, 15, 0, 0, 0, ''),
(201, 'СЕРИК', '', 'АЙГЕРИМ', 30, 8, 15, 80, 0, 0, ''),
(202, 'ТАНАТАР', '', 'НУРДАУЛЕТ', 30, 8, 15, 240, 0, 0, ''),
(203, 'ТУГУЛЬТАЕВ', '', 'АМИР', 30, 8, 15, 0, 0, 0, ''),
(204, 'ТУРМАГАМБЕТОВ', '', 'НУРХАТ', 30, 8, 15, 0, 0, 0, ''),
(205, 'УРАЗОВА', '', 'АМИНА', 30, 8, 15, 0, 0, 0, ''),
(206, 'ШИНИЯЗОВА', '', 'ДИЛЬНАЗ', 30, 8, 15, 840, 0, 0, ''),
(207, 'АБАТ', '', 'НУРАЛЫ', 3, 8, 4, 0, 0, 0, ''),
(208, 'АДАХАНОВА', '', 'АЛУА', 3, 8, 4, 0, 0, 0, ''),
(209, 'АЙТЕНЕВ', '', 'АСАНАЛИ', 3, 8, 4, 0, 0, 0, ''),
(210, 'АЛДАРИ', '', 'АКЕРКЕ', 3, 8, 4, 0, 0, 0, ''),
(211, 'АМАНГЕЛДИНА', '', 'ГАУХАР', 3, 8, 4, 0, 0, 0, ''),
(212, 'АПБАЗ', '', 'АЙЖАН', 3, 8, 4, 0, 0, 0, ''),
(213, 'АХМЕТОЛЛА', '', 'КАРАКАТ', 3, 8, 4, 0, 0, 0, ''),
(214, 'БАЙМУРАТ', '', 'ЕРТАРГЫН', 3, 8, 4, 0, 0, 0, ''),
(215, 'ЕДИЛОВ', '', 'АСЫЛХАН', 3, 8, 4, 0, 0, 0, ''),
(216, 'ЕРМУХАН', '', 'АМИР', 3, 8, 4, 0, 0, 0, ''),
(217, 'КАДЕРЖАНОВА', '', 'НАЗЕРКЕ', 3, 8, 4, 0, 0, 0, ''),
(218, 'КАНТЕМИРОВА', '', 'МАХАББАТ', 3, 8, 4, 0, 0, 0, ''),
(219, 'КОСТАНАЕВА', '', 'НУРДАРИЯ', 3, 8, 4, 0, 0, 0, ''),
(220, 'КУАНАЙ', '', 'МАДИ', 3, 8, 4, 0, 0, 0, ''),
(221, 'МАХСОТОВА', '', 'ЖАННУР', 3, 8, 4, 0, 0, 0, ''),
(222, 'МУКАНОВА', '', 'МЕРУЕРТ', 3, 8, 4, 0, 0, 0, ''),
(223, 'МУТИГУЛЛИЕВА', '', 'САГЫНЫШ', 3, 8, 4, 0, 0, 0, ''),
(224, 'МУРАТ', '', 'АЙЫМЖАН', 3, 8, 4, 0, 0, 0, ''),
(225, 'МУХАМБЕТКАЛИКЫЗЫ', '', 'ПЕРИЗАТ', 3, 8, 4, 0, 0, 0, ''),
(226, 'ОРАЗГАЛИ', '', 'АЗАМАТ', 3, 8, 4, 0, 0, 0, ''),
(227, 'САКЕН', '', 'БЕРДИБЕК', 3, 8, 4, 0, 0, 0, ''),
(228, 'ТАУФИКОВА', '', 'АЯЖАН', 3, 8, 4, 0, 0, 0, ''),
(229, 'АБАТ', '', 'АБЫЛАЙ', 16, 8, 10, 0, 0, 0, ''),
(230, 'АБДИРАХМАН', '', 'ЛЯЙЛЯ', 16, 8, 10, 40, 0, 0, ''),
(231, 'АЙМЕШЕВА', '', 'АРУЖАН', 16, 8, 10, 0, 0, 0, ''),
(232, 'АРШЫНБЕКОВ', '', 'АЛИКАМАЛ', 16, 8, 10, 240, 0, 0, ''),
(233, 'АШАРБЕКОВА', '', 'АЛИЯ', 16, 8, 10, 600, 0, 0, ''),
(234, 'БЕКЕШОВ', '', 'АРСЕН', 16, 8, 10, 40, 0, 0, ''),
(235, 'ГАДЕЛЬШИЕВА', '', 'ДИАНА', 16, 8, 10, 120, 0, 0, ''),
(236, 'ГАЛИМЖАНОВА', '', 'АДЕЛИЯ', 16, 8, 10, 0, 0, 0, ''),
(237, 'ЖИДИКУЛ', '', 'ЖАНСУЛУ', 16, 8, 10, 0, 0, 0, ''),
(238, 'ЖУМАГУЛОВА', '', 'ДИЛЬНАЗ', 16, 8, 10, 440, 0, 0, ''),
(239, 'ИГИЗОВ', '', 'ЖАНГИР', 16, 8, 10, 0, 0, 0, ''),
(240, 'ИЗТЕЛЕУОВА', '', 'САЛТАНАТ', 16, 8, 10, 320, 0, 0, ''),
(241, 'ИСАНБЕКОВА', '', 'АЛИНА', 16, 8, 10, 520, 0, 0, ''),
(242, 'ИСКАРОВА', '', 'ДИЛЯРА', 16, 8, 10, 400, 0, 0, ''),
(243, 'КАРИМОВА', '', 'ФАТИМА', 16, 8, 10, 0, 0, 0, ''),
(244, 'КУСАИНОВ', '', 'АЛИШЕР', 16, 8, 10, 30, 0, 0, ''),
(245, 'ЛУКПАНОВ', '', 'ЖАН', 16, 8, 10, 40, 0, 0, ''),
(246, 'МЫРЗАГАЛИЕВ', '', 'АМИРХАН', 16, 8, 10, 60, 0, 0, ''),
(247, 'НАРИМАН', '', 'АЛИШЕР', 16, 8, 10, 240, 0, 0, ''),
(248, 'ОПРЯ', '', 'ЯНА', 16, 8, 10, 120, 0, 0, ''),
(249, 'ПАВЛОВ', '', 'РОМАН', 16, 8, 10, 280, 0, 0, ''),
(250, 'СЕЙТЖАНОВА', '', 'АЛИНА', 16, 8, 10, 0, 0, 0, ''),
(251, 'УРАНГАЛИ', '', 'ЛИЯ', 16, 8, 10, 60, 0, 0, ''),
(252, 'ХАЙДАР', '', 'НУРДАУЛЕТ', 16, 8, 10, 80, 0, 0, ''),
(253, 'АБЛХАЙР', '', 'АСЕЛ', 18, 9, 3, 240, 0, 0, ''),
(254, 'АБУХАНОВА', '', 'АНЕЛЬ', 18, 9, 3, 0, 0, 0, ''),
(255, 'АЛТЫНБЕК', '', 'АКБОТА', 18, 9, 3, 120, 0, 0, ''),
(256, 'АСКАРОВ', '', 'НУРСУЛТАН', 18, 9, 3, 0, 0, 0, ''),
(257, 'БАУДЫНБАЙ', '', 'ТОГЖАН', 18, 9, 3, 0, 0, 0, ''),
(258, 'БАГДАТ', '', 'КАМИЛЬ', 18, 9, 3, 0, 0, 0, ''),
(259, 'ГАБДУАЛЛИЕВ', '', 'ЕРНАР', 18, 9, 3, 360, 0, 0, ''),
(260, 'ДУЙСЕКЕШОВ', '', 'САНЖАР', 18, 9, 3, 360, 0, 0, ''),
(261, 'ЕСЕНГЕЛЬДИНА', '', 'МЕРЕЙ', 18, 9, 3, 360, 0, 0, ''),
(262, 'КАРЛЫБАЕВА', '', 'НАЗЫМ', 18, 9, 3, 0, 0, 0, ''),
(263, 'КУЖАКОВА', '', 'МОЛДИР', 18, 9, 3, 180, 0, 0, ''),
(264, 'НУРЛЫБАЙ', '', 'АЛИЯ', 18, 9, 3, 840, 0, 0, ''),
(265, 'НУРАДИН', '', 'МЕДЕТ', 18, 9, 3, 0, 0, 0, ''),
(266, 'НУРЖАНОВА', '', 'АЙКОРКЕМ', 18, 9, 3, 0, 0, 0, ''),
(267, 'САГЫНГЕРЕЙ', '', 'ЖАНИЯ', 18, 9, 3, 120, 0, 0, ''),
(268, 'СЕРИК', '', 'МИРАТ', 18, 9, 3, 240, 0, 0, ''),
(269, 'ХАЙРАТ', '', 'ШЕРХАН', 18, 9, 3, 215, 0, 0, ''),
(270, 'ХАЙДАРОВА', '', 'АСЕЛ', 18, 9, 3, 0, 0, 0, ''),
(271, 'ФАЙЗОЛЛАЕВ', '', 'АДИЛЕТ', 18, 9, 3, 0, 0, 0, ''),
(272, 'ШАХАНОВА', '', 'НАЗЕРКЕ', 18, 9, 3, 0, 0, 0, ''),
(273, 'БАГДАТ', '', 'КАМИЛА', 26, 9, 13, 0, 0, 0, ''),
(274, 'БАЙБОЛАТОВ', '', 'РАХАТ', 26, 9, 13, 0, 0, 0, ''),
(275, 'БАУБЕК', '', 'БАТЫРБЕК', 26, 9, 13, 0, 0, 0, ''),
(276, 'БАУЫРЖАН', '', 'НУРТОРЕ', 26, 9, 13, 0, 0, 0, ''),
(277, 'ЕРБУЛЕКОВ', '', 'САГИНДЫК', 26, 9, 13, 0, 0, 0, ''),
(278, 'ЕСБОЛСЫН', '', 'БАХТИЯР', 26, 9, 13, 0, 0, 0, ''),
(279, 'КАЗЕТОВА', '', 'САУЛЕ', 26, 9, 13, 0, 0, 0, ''),
(280, 'КОРГАН', '', 'АКБОТА', 26, 9, 13, 0, 0, 0, ''),
(281, 'МУРАТОВ', '', 'АЛИХАН', 26, 9, 13, 0, 0, 0, ''),
(282, 'МИРСЕЙИТ', '', 'АРЛАН', 26, 9, 13, 0, 0, 0, ''),
(283, 'НУРМУХАНБЕТОВА', '', 'ТОМИРИС', 26, 9, 13, 0, 0, 0, ''),
(284, 'ОТЕШЕВА', '', 'ЖАМИЛЯ', 26, 9, 13, 0, 0, 0, ''),
(285, 'САМИГУЛЛИНА', '', 'АРУЖАН', 26, 9, 13, 0, 0, 0, ''),
(286, 'САПАРГАЛИ', '', 'ЕЛНУР', 26, 9, 13, 0, 0, 0, ''),
(287, 'ТАСБОЛАТОВ', '', 'ШЫНГЫС', 26, 9, 13, 0, 0, 0, ''),
(288, 'ТЕМИРХАН', '', 'ЕРАСЫЛ', 26, 9, 13, 0, 0, 0, ''),
(289, 'ТУКЕСТАЕВА', '', 'АЯЖАН', 26, 9, 13, 0, 0, 0, ''),
(290, 'ШАЙХИЕВА', '', 'АЙЖАНЫМ', 26, 9, 13, 0, 0, 0, ''),
(291, 'ШАМРУХОВА', '', 'АЯЖАН', 26, 9, 13, 0, 0, 0, ''),
(292, 'АХМЕДЕН', '', 'ДАНА', 27, 9, 1, 0, 0, 0, ''),
(293, 'АКИМ', '', 'АНЕЛ', 27, 9, 1, 0, 0, 0, ''),
(294, 'БАКТИГАЛИ', '', 'КУРАЛАЙ', 27, 9, 1, 0, 0, 0, ''),
(295, 'ЕНСАПОВА', '', 'НАЗЕРКЕ', 27, 9, 1, 0, 0, 0, ''),
(296, 'ЖЕНИС', '', 'КАЗБЕК', 27, 9, 1, 0, 0, 0, ''),
(297, 'ЖОЛДЫКУЛ', '', 'ЕЛНУР', 27, 9, 1, 0, 0, 0, ''),
(298, 'ИБАТОЛЛА', '', 'АЛМАТ', 27, 9, 1, 0, 0, 0, ''),
(299, 'ИСАТАЙ', '', 'ДАСТАН', 27, 9, 1, 0, 0, 0, ''),
(300, 'КУМАШЕВ', '', 'ХАМЗА', 27, 9, 1, 0, 0, 0, ''),
(301, 'КАЛМЕН', '', 'НУРАЛИ', 27, 9, 1, 0, 0, 0, ''),
(302, 'КУАНАЕВА', '', 'АДЕМИАЙ', 27, 9, 1, 0, 0, 0, ''),
(303, 'МАКСОТ', '', 'ДАНИАЛ', 27, 9, 1, 0, 0, 0, ''),
(304, 'МАЛЬБЕКОВА', '', 'МОЛДИР', 27, 9, 1, 0, 0, 0, ''),
(305, 'МАМБЕТОВА', '', 'ДИЛЬНАЗ', 27, 9, 1, 0, 0, 0, ''),
(306, 'МАХСОТОВ', '', 'РАЙЫНБЕК', 27, 9, 1, 0, 0, 0, ''),
(307, 'МУХАМБЕТКАЛИЕВА', '', 'САНИЯ', 27, 9, 1, 0, 0, 0, ''),
(308, 'САГЫНДЫК', '', 'КУРАЛАЙ', 27, 9, 1, 0, 0, 0, ''),
(309, 'ТАСБУЛАТОВА', '', 'АЙНУРА', 27, 9, 1, 0, 0, 0, ''),
(310, 'ТАШИМОВА', '', 'АЗИЗА', 27, 9, 1, 0, 0, 0, ''),
(311, 'ТОКТАСЫНОВ', '', 'АМАНЖАН', 27, 9, 1, 0, 0, 0, ''),
(312, 'АБЕНОВ', '', 'АЛПАМЫС', 7, 9, 6, 0, 0, 0, ''),
(313, 'АМАНГЕЛДИ', '', 'ДАЙАНА', 7, 9, 6, 0, 0, 0, ''),
(314, 'БАЙРАМОВА', '', 'АНЕЛЬ', 7, 9, 6, 120, 0, 0, ''),
(315, 'БАЯНГАЛИЕВА', '', 'ДАРА', 7, 9, 6, 0, 0, 0, ''),
(316, 'ЖАКСЫГУЛОВ', '', 'ТАМИРЛАН', 7, 9, 6, 0, 0, 0, ''),
(317, 'ЖАКСЫГАЛИ', '', 'ИНДИРА', 7, 9, 6, 120, 0, 0, ''),
(318, 'ЗУЛХАРНАЕВА', '', 'АСЕЛЬ', 7, 9, 6, 0, 0, 0, ''),
(319, 'МАКСУТОВ', '', 'АРСЕН', 7, 9, 6, 0, 0, 0, ''),
(320, 'МАШАРИПОВ', '', 'НУРДАУЛЕТ', 7, 9, 6, 0, 0, 0, ''),
(321, 'КАМАШЕВ', '', 'РАУАН', 7, 9, 6, 0, 0, 0, ''),
(322, 'РАМАШ', '', 'ЖУЛДЫЗ', 7, 9, 6, 120, 0, 0, ''),
(323, 'САПАРБЕКОВА', '', 'НАРКЫЗ', 7, 9, 6, 0, 0, 0, ''),
(324, 'СЕРИК', '', 'САНЖАР', 7, 9, 6, 0, 0, 0, ''),
(325, 'ТАУФИК', '', 'ЕРУЛАН', 7, 9, 6, 360, 0, 0, ''),
(326, 'ТЕМИРХАНОВА', '', 'АМИНА', 7, 9, 6, 120, 0, 0, ''),
(327, 'ТЛЕУГАЛИЕВА', '', 'ДИАНА', 7, 9, 6, 0, 0, 0, ''),
(328, 'ТУРМАГАМБЕТ', '', 'АЛЬФАРАБИ', 7, 9, 6, 0, 0, 0, ''),
(329, 'ХАБИЕВА', '', 'ГУЛЬСАЯНУРАЙЛЫМ', 7, 9, 6, 0, 0, 0, ''),
(330, 'ХАЙРЖАН', '', 'МАКСАТ', 7, 9, 6, 0, 0, 0, ''),
(331, 'ХАКИМЖАНОВ', '', 'ГАЯНУР', 7, 9, 6, 0, 0, 0, ''),
(332, 'ШАУКЕНЕВА', '', 'АДЭЛЯ', 7, 9, 6, 0, 0, 0, ''),
(333, 'АБДИГАЛИЕВ', '', 'ДАНАБЕК', 6, 10, 5, 0, 0, 0, ''),
(334, 'АБИЛКАЙЫР', '', 'ЕСБОЛ', 6, 10, 5, 105, 0, 0, ''),
(335, 'АДИЛОВА', '', 'АДИЯ', 6, 10, 5, 0, 0, 0, ''),
(336, 'АКЫЛБЕКУЛЫ', '', 'АНСАР', 6, 10, 5, 0, 0, 0, ''),
(337, 'АЛИЕВ', '', 'АРСЕН', 6, 10, 5, 1320, 0, 0, ''),
(338, 'АМАНГЕЛДИЕВ', '', 'ДАУЛЕТ', 6, 10, 5, 0, 0, 0, ''),
(339, 'АМАНЖОЛОВА', '', 'САБИНА', 6, 10, 5, 0, 0, 0, ''),
(340, 'АСЫЛГАЛИ', '', 'НУРДАУЛЕТ', 6, 10, 5, 0, 0, 0, ''),
(341, 'БАУЫРЖАН', '', 'АЛИ', 6, 10, 5, 360, 0, 0, ''),
(342, 'ДОСАНОВА', '', 'ГУЛЬНАЗ', 6, 10, 5, 360, 0, 0, ''),
(343, 'КАДИМ', '', 'ОМАР', 6, 10, 5, 0, 0, 0, ''),
(344, 'КАЖИМОВА', '', 'АЛИНА', 6, 10, 5, 785, 0, 0, ''),
(345, 'КЕНЕСОВ', '', 'АЛИ', 6, 10, 5, 0, 0, 0, ''),
(346, 'КУБАШЕВА', '', 'АЯЖАН', 6, 10, 5, 0, 0, 0, ''),
(347, 'МАЛДАРБЕКОВА', '', 'МАДИНА', 6, 10, 5, 0, 0, 0, ''),
(348, 'МУКТАР', '', 'АДИЛЕТ', 6, 10, 5, 0, 0, 0, ''),
(349, 'РАХИМЖАНОВ', '', 'ДАМИР', 6, 10, 5, 0, 0, 0, ''),
(350, 'РЫСБЕКОВ', '', 'БЕРИК', 6, 10, 5, 0, 0, 0, ''),
(351, 'САГЫНГЕРЕЙ', '', 'АЛИХАН', 6, 10, 5, 0, 0, 0, ''),
(352, 'САЙЛАУБАЕВА', '', 'ЖАНЕРКЕ', 6, 10, 5, 0, 0, 0, ''),
(353, 'СЛАМ', '', 'ЕРАЛХАН', 6, 10, 5, 280, 0, 0, ''),
(354, 'ТЕМИРБОЛАТ', '', 'АРУЖАН', 6, 10, 5, 0, 0, 0, ''),
(355, 'ХАЗАДИЯЗ', '', 'АСЕМ', 6, 10, 5, 0, 0, 0, ''),
(356, 'АКАНОВА', '', 'АЯЖАН', 24, 10, 12, 120, 0, 0, ''),
(357, 'ЖУМИН', '', 'АСЕТ', 24, 10, 12, 300, 0, 0, ''),
(358, 'ИМАНГАЛИ', '', 'МИРАС', 24, 10, 12, 300, 0, 0, ''),
(359, 'ИШАНОВА', '', 'МАЛИКА', 24, 10, 12, 60, 0, 0, ''),
(360, 'КЕНЖЕБАЕВА', '', 'ДИЛЬНАЗ', 24, 10, 12, 0, 0, 0, ''),
(361, 'КЕНЖЕЕВА', '', 'ДИЛЬНАЗ', 24, 10, 12, 0, 0, 0, ''),
(362, 'КАЙЫРЖАН', '', 'ШЫНГЫС', 24, 10, 12, 0, 0, 0, ''),
(363, 'КАЛИХАН', '', 'ДИЛЯРА', 24, 10, 12, 0, 0, 0, ''),
(364, 'КАЛМЕН', '', 'АДИЛЕТАЛИ', 24, 10, 12, 120, 0, 0, ''),
(365, 'КАРЖАУ', '', 'АМИНА', 24, 10, 12, 0, 0, 0, ''),
(366, 'МАХАМБЕТОВА', '', 'ЛИАНА', 24, 10, 12, 0, 0, 0, ''),
(367, 'МУРАТОВ', '', 'ДАНАИС', 24, 10, 12, 0, 0, 0, ''),
(368, 'МУСРАЛИМОВ', '', 'АЛИМ', 24, 10, 12, 0, 0, 0, ''),
(369, 'НСАНБАЕВА', '', 'НАЗЕРКЕ', 24, 10, 12, 0, 0, 0, ''),
(370, 'САГЫНГАЛИ', '', 'САЛИМА', 24, 10, 12, 360, 0, 0, ''),
(371, 'САЛАМАТ', '', 'МЕЙИРБЕК', 24, 10, 12, 0, 0, 0, ''),
(372, 'ТАЖИБЕКОВА', '', 'АРУЖАН', 24, 10, 12, 240, 0, 0, ''),
(373, 'ТЫНЫШТЫК', '', 'ДАСТАН', 24, 10, 12, 300, 0, 0, ''),
(374, 'ХАМИДУЛЛА', '', 'ТЕМИРЛАН', 24, 10, 12, 0, 0, 0, ''),
(375, 'АДИЛГАЗЫ', '', 'АЙАРУ', 8, 10, 6, 0, 0, 0, ''),
(376, 'БЕКЕТОВА', '', 'САУРЕШ', 8, 10, 6, 60, 0, 0, ''),
(377, 'БЕКИШЕВА', '', 'ЛАЗЗАТ', 8, 10, 6, 240, 0, 0, ''),
(378, 'БЕКТУРГАН', '', 'ИБРАҺИМ', 8, 10, 6, 660, 0, 0, ''),
(379, 'ЕРГАЛИЕВ', '', 'АРОН', 8, 10, 6, 600, 0, 0, ''),
(380, 'ЖАСКАЙРАТОВА', '', 'АЙНАШ', 8, 10, 6, 0, 0, 0, ''),
(381, 'ЖАДИГЕР', '', 'ШЕРХАН', 8, 10, 6, 240, 0, 0, ''),
(382, 'ЖЕНИС', '', 'АЛИБИ', 8, 10, 6, 0, 0, 0, ''),
(383, 'ЗАКАРИЯКЫЗЫ', '', 'САЛТАНАТ', 8, 10, 6, 0, 0, 0, ''),
(384, 'КАДЫРАЛИЕВА', '', 'АЙДАНА', 8, 10, 6, 180, 0, 0, ''),
(385, 'КАКИМОВ', '', 'АЛДИЯР', 8, 10, 6, 0, 0, 0, ''),
(386, 'КОЙШЫБАЕВ', '', 'МЕЙРАМБЕК', 8, 10, 6, 0, 0, 0, ''),
(387, 'МАМБЕТОВА', '', 'АЛИЯ', 8, 10, 6, 120, 0, 0, ''),
(388, 'МИРЖАНКЫЗЫ', '', 'МАХАББАТ', 8, 10, 6, 0, 0, 0, ''),
(389, 'МУРАТ', '', 'МЕЙИРЖАН', 8, 10, 6, 0, 0, 0, ''),
(390, 'НУРСУЛТАН', '', 'ЖАНГИР', 8, 10, 6, 0, 0, 0, ''),
(391, 'ОМАРГАЛИЕВА', '', 'АРУЖАН', 8, 10, 6, 0, 0, 0, ''),
(392, 'ОРЫНГАЛИЕВА', '', 'ДИАНА', 8, 10, 6, 0, 0, 0, ''),
(393, 'САРСЕНГАЛИЕВ', '', 'КАДИРБЕК', 8, 10, 6, 40, 0, 0, ''),
(394, 'ТУРАЛИЕВА', '', 'ИНЖУ', 8, 10, 6, 0, 0, 0, ''),
(395, 'УАПОВ', '', 'ГАНИ', 8, 10, 6, 0, 0, 0, ''),
(396, 'ШАДМАНОВА', '', 'АЛТЫНАЙ', 8, 10, 6, 240, 0, 0, ''),
(397, 'ШУНАЕВА', '', 'АНЕЛ', 8, 10, 6, 120, 0, 0, ''),
(398, 'ШОПЛИКОВ', '', 'АЛИШЕР', 8, 10, 6, 0, 0, 0, ''),
(399, 'АГАДИЛОВА', '', 'АМИРА', 15, 10, 9, 0, 0, 0, ''),
(400, 'БАКИШЕВА', '', 'КАМИЛА', 15, 10, 9, 0, 0, 0, ''),
(401, 'БЕРИКОВ', '', 'ЕРЛАН', 15, 10, 9, 240, 0, 0, ''),
(402, 'ДЕДЕЙКО', '', 'ЭВЕЛИНА', 15, 10, 9, 360, 0, 0, ''),
(403, 'ДУЙСЕМБАЕВ', '', 'АЗАМАТ', 15, 10, 9, 0, 0, 0, ''),
(404, 'ЕСКИНДИРОВ', '', 'ЕРНАР', 15, 10, 9, 320, 0, 0, ''),
(405, 'ЖАНГИРОВ', '', 'ЭЛЬДАН', 15, 10, 9, 120, 0, 0, ''),
(406, 'ЗАЙНУЛЛИНА', '', 'САБИНА', 15, 10, 9, 120, 0, 0, ''),
(407, 'КУЖАХМЕТОВА', '', 'ЭСМИРА', 15, 10, 9, 0, 0, 0, ''),
(408, 'МАМБЕТОВ', '', 'ДАНИЯЛ', 15, 10, 9, 0, 0, 0, ''),
(409, 'МАХМЕТОВ', '', 'АДИЛЬ', 15, 10, 9, 60, 0, 0, ''),
(410, 'НУГМАНОВА', '', 'ЭЛЬНАР', 15, 10, 9, 0, 0, 0, ''),
(411, 'КУРМАНАЛИЕВА', '', 'АЛСУ', 15, 10, 9, 0, 0, 0, ''),
(412, 'САБИТОВА', '', 'САБИНА', 15, 10, 9, 0, 0, 0, ''),
(413, 'ТУЛЕГЕНОВА', '', 'АРУЖАН', 15, 10, 9, 240, 0, 0, ''),
(414, 'УТЕУЛИЕВ', '', 'АСАНАЛИ', 15, 10, 9, 0, 0, 0, ''),
(415, 'ХАБИЕВ', '', 'БЕКСУЛТАН', 15, 10, 9, 0, 0, 0, ''),
(416, 'ШЫГАНАКОВ', '', 'ДАМИР', 15, 10, 9, 0, 0, 0, ''),
(417, 'АСЫЛБЕКОВ', '', 'РУСЛАН', 22, 10, 11, 0, 0, 0, ''),
(418, 'БЕККАЛИЕВА', '', 'МАДИНА', 22, 10, 11, 0, 0, 0, ''),
(419, 'ГАЛИМЖАНОВА', '', 'АЗАЛИЯ', 22, 10, 11, 0, 0, 0, ''),
(420, 'ЖАМАШЕВ', '', 'ЭЛЬДАР', 22, 10, 11, 0, 0, 0, ''),
(421, 'ИМАНКУЛОВ', '', 'ИЛЬЯС', 22, 10, 11, 0, 0, 0, ''),
(422, 'ИСКАКОВА', '', 'САБИНА', 22, 10, 11, 0, 0, 0, ''),
(423, 'ИХСАНОВА', '', 'АЛИНА', 22, 10, 11, 0, 0, 0, ''),
(424, 'КАДЫРГАЛЕЕВ', '', 'ЭЛАМИР', 22, 10, 11, 0, 0, 0, ''),
(425, 'КАЗБЕКОВА', '', 'ИРАДА', 22, 10, 11, 0, 0, 0, ''),
(426, 'КУАНДЫК', '', 'СУЛТАНИЯР', 22, 10, 11, 0, 0, 0, ''),
(427, 'ЛУКПАНОВА', '', 'АЙГЕРИМ', 22, 10, 11, 0, 0, 0, ''),
(428, 'МУСТАФИЕВ', '', 'АМАНТУРЛЫ', 22, 10, 11, 0, 0, 0, ''),
(429, 'НУРМУХАНОВА', '', 'АРДАК', 22, 10, 11, 0, 0, 0, ''),
(430, 'НУРУШЕВ', '', 'ИЛЬЯС', 22, 10, 11, 0, 0, 0, ''),
(431, 'НУРЛАН', '', 'БАТЫРЖАН', 22, 10, 11, 0, 0, 0, ''),
(432, 'СЕРГАЗИЕВ', '', 'НУРХАТ', 22, 10, 11, 0, 0, 0, ''),
(433, 'ТАЛАПОВ', '', 'ДАНИАЛ', 22, 10, 11, 0, 0, 0, ''),
(434, 'УАШЕВА', '', 'ДИЛЬНАЗ', 22, 10, 11, 0, 0, 0, ''),
(435, 'УТЕНОВ', '', 'ИЛЬЯС', 22, 10, 11, 0, 0, 0, ''),
(436, 'ХАМЗИНА', '', 'ГУЛЬСАНА', 22, 10, 11, 0, 0, 0, ''),
(437, 'АМАНГЕЛДИНА', '', 'АСИМА', 11, 10, 8, 0, 0, 0, ''),
(438, 'БАЗАРБАЕВ', '', 'АЙБЕК', 11, 10, 8, 0, 0, 0, ''),
(439, 'БЕКТУРГАНОВА', '', 'ГУЛНАЗ', 11, 10, 8, 0, 0, 0, ''),
(440, 'БЕРЕСОВА', '', 'АЛЬФИЯ', 11, 10, 8, 0, 0, 0, ''),
(441, 'ДЖУСУБАЛИЕВ', '', 'АДИЛХАН', 11, 10, 8, 0, 0, 0, ''),
(442, 'ЕРЖАНОВА', '', 'ДИЛЬНАЗ', 11, 10, 8, 0, 0, 0, ''),
(443, 'ЖАЛГАСОВА', '', 'АКНУР', 11, 10, 8, 0, 0, 0, ''),
(444, 'КАПИЕТОВ', '', 'СУЛТАН', 11, 10, 8, 0, 0, 0, ''),
(445, 'МАКИМОВ', '', 'АСЛАН', 11, 10, 8, 0, 0, 0, ''),
(446, 'КАБИРОВА', '', 'НУРАЙ', 11, 10, 8, 0, 0, 0, ''),
(447, 'КАКИМОВА', '', 'АИДА', 11, 10, 8, 0, 0, 0, ''),
(448, 'МАКСУТОВА', '', 'ДИЛЬНАЗ', 11, 10, 8, 420, 0, 0, ''),
(449, 'СЕЙДАЗЫМОВА', '', 'АЛИНА', 11, 10, 8, 0, 0, 0, ''),
(450, 'ТОЛЕУОВА', '', 'ДИЛЬНАЗ', 11, 10, 8, 0, 0, 0, ''),
(451, 'ТЫНЫШТЫБАЕВА', '', 'АЯУЛЫМ', 11, 10, 8, 420, 0, 0, ''),
(452, 'УТУМОВ', '', 'РАМАЗАН', 11, 10, 8, 0, 0, 0, ''),
(453, 'ХАЙДАРОВ', '', 'ЭЛЬДАР', 11, 10, 8, 0, 0, 0, ''),
(454, 'АЙТУЕВА', '', 'НАРГИЗ', 19, 11, 3, 0, 0, 0, ''),
(455, 'АМАНГАЛИ', '', 'АЛИХАН', 19, 11, 3, 60, 0, 0, ''),
(456, 'АХМЕТЖАНОВА', '', 'ЖИБЕК', 19, 11, 3, 0, 0, 0, ''),
(457, 'БАЯНОВ', '', 'ЖАНГИР', 19, 11, 3, 300, 0, 0, ''),
(458, 'БИСЕМБАЕВА', '', 'АЙЖАН', 19, 11, 3, 0, 0, 0, ''),
(459, 'БОЛАТОВА', '', 'РАМИНА', 19, 11, 3, 360, 0, 0, ''),
(460, 'ГАБДИЛОВА', '', 'ТАХМИНА', 19, 11, 3, 480, 0, 0, ''),
(461, 'ЕСЖАНОВА', '', 'МЕРУЕРТ', 19, 11, 3, 240, 0, 0, ''),
(462, 'ЖАСУЛАН', '', 'АКНИЕТ', 19, 11, 3, 0, 0, 0, ''),
(463, 'ИСКАЛИЕВ', '', 'АЙДЫН', 19, 11, 3, 0, 0, 0, ''),
(464, 'ИШАНГАЛИЕВ', '', 'СУЛТАН', 19, 11, 3, 0, 0, 0, ''),
(465, 'КУАНЫШКАЛИЕВ', '', 'АХМЕТ', 19, 11, 3, 0, 0, 0, ''),
(466, 'КАЗЕНОВА', '', 'ЖАННУР', 19, 11, 3, 0, 0, 0, ''),
(467, 'МАВЛЕТОВА', '', 'САБИНА', 19, 11, 3, 60, 0, 0, ''),
(468, 'САНСЫЗБАЕВА', '', 'АЙДАНА', 19, 11, 3, 240, 0, 0, ''),
(469, 'САНСЫЗБАЙ', '', 'ТЕМИРЛАН', 19, 11, 3, 120, 0, 0, ''),
(470, 'СЕРИКОВА', '', 'АРУЖАН', 19, 11, 3, 0, 0, 0, ''),
(471, 'СУЛТАНИЯР', '', 'СУЛТАН', 19, 11, 3, 240, 0, 0, ''),
(472, 'ТНАЛИЕВ', '', 'МИРЛАН', 19, 11, 3, 0, 0, 0, ''),
(473, 'ФАЗЫЛ', '', 'ЕЛАМАН', 19, 11, 3, 0, 0, 0, ''),
(474, 'ХАЙРЕТДИНОВА', '', 'ДАНА', 19, 11, 3, 360, 0, 0, ''),
(475, 'АЛИБЕКОВ', '', 'КАЙСАР', 31, 11, 15, 1140, 0, 0, ''),
(476, 'ГАБДУЛЛИЕВА', '', 'МАДИНА', 31, 11, 15, 0, 0, 0, ''),
(477, 'ГАУАН', '', 'ШЕРХАН', 31, 11, 15, 130, 0, 0, ''),
(478, 'КАИРГАЛИЕВА', '', 'АЛЬБИНА', 31, 11, 15, 0, 0, 0, ''),
(479, 'ДЖАМИЕВА', '', 'АРУЖАН', 31, 11, 15, 120, 0, 0, ''),
(480, 'ЖАЛГАСКАЛИЕВ', '', 'ЖАНТОРЕ', 31, 11, 15, 0, 0, 0, ''),
(481, 'ЖАРКЫНУЛЫ', '', 'ДАНИЯР', 31, 11, 15, 1360, 0, 0, ''),
(482, 'ЖОЛАМАН', '', 'НУРБАКЫТ', 31, 11, 15, 1120, 0, 0, ''),
(483, 'ЖОРТАБАЕВ', '', 'БЕКАРЫС', 31, 11, 15, 480, 0, 0, ''),
(484, 'ЖУМАГАМБЕТОВА', '', 'НАРГИЗА', 31, 11, 15, 420, 0, 0, ''),
(485, 'ИШАНОВ', '', 'АКТИЛЕК', 31, 11, 15, 0, 0, 0, ''),
(486, 'КАЛДЫШЕВА', '', 'АЯНА', 31, 11, 15, 0, 0, 0, ''),
(487, 'КАШПАЕВА', '', 'АЛЬБИНА', 31, 11, 15, 0, 0, 0, ''),
(488, 'ОРАЗГУЛ', '', 'АРНУР', 31, 11, 15, 480, 0, 0, ''),
(489, 'СЕРИККАЛИЕВА', '', 'МАРИНА', 31, 11, 15, 360, 0, 0, ''),
(490, 'ТЛЕКБАЙ', '', 'ДИЛЬНАЗ', 31, 11, 15, 0, 0, 0, ''),
(491, 'ШАМРУХОВА', '', 'АРУЖАН', 31, 11, 15, 0, 0, 0, ''),
(492, 'АХОН', '', 'АЙБЕК', 1, 11, 1, 0, 0, 0, ''),
(493, 'БЕКМУХАНОВ', '', 'ДАУЛЕТ', 1, 11, 1, 0, 0, 0, ''),
(494, 'ЕРМЕКБАЕВА', '', 'АИДА', 1, 11, 1, 0, 0, 0, ''),
(495, 'ЖУРСИНБАЕВА', '', 'МАДИНА', 1, 11, 1, 0, 0, 0, ''),
(496, 'ИСАТАЕВА', '', 'АЙЫМ', 1, 11, 1, 0, 0, 0, ''),
(497, 'ИСМАНАЛИЕВ', '', 'ЕРДАУЛЕТ', 1, 11, 1, 60, 0, 0, ''),
(498, 'КАПЕЗОВ', '', 'АДИЛЕТ', 1, 11, 1, 0, 0, 0, ''),
(499, 'МАКСУТОВ', '', 'АКЫЛБЕК', 1, 11, 1, 0, 0, 0, ''),
(500, 'НАУРЫЗБАЕВА', '', 'ДИЛЬНАЗ', 1, 11, 1, 0, 0, 0, ''),
(501, 'НУРГАЛИЕВ', '', 'АЯН', 1, 11, 1, 0, 0, 0, ''),
(502, 'НУРГАЛИЕВ', '', 'ЖАНДАРБЕК', 1, 11, 1, 0, 0, 0, ''),
(503, 'НУРСУЛТАНОВА', '', 'ДАНА', 1, 11, 1, 0, 0, 0, ''),
(504, 'САЙЛАУОВА', '', 'АЯУЛЫМ', 1, 11, 1, 0, 0, 0, ''),
(505, 'СИЛЫБАЕВА', '', 'ДАНА', 1, 11, 1, 0, 0, 0, ''),
(506, 'ТУЛЕПОВА', '', 'ДИНАРА', 1, 11, 1, 0, 0, 0, ''),
(507, 'ТУЛЕУШОВА', '', 'АЙЖАН', 1, 11, 1, 0, 0, 0, ''),
(508, 'ТУЛЕШ', '', 'ШЫНТАС', 1, 11, 1, 0, 0, 0, ''),
(509, 'ЮСУПОВА', '', 'ДИЛЬНАЗ', 1, 11, 1, 0, 0, 0, ''),
(510, 'АБАТОВА', '', 'ДИЛЬНАЗ', 28, 11, 14, 210, 0, 0, ''),
(511, 'АЛИГАЗИЕВА', '', 'МИЛАНА', 28, 11, 14, 0, 0, 0, ''),
(512, 'АЛПЫСБАЕВА', '', 'ДАНА', 28, 11, 14, 210, 0, 0, ''),
(513, 'БЕКЕШОВА', '', 'НАЗГУЛЬ', 28, 11, 14, 0, 0, 0, ''),
(514, 'ЕШМУХАНБЕТОВ', '', 'АЛМАС', 28, 11, 14, 0, 0, 0, ''),
(515, 'ИЗМУХАН', '', 'АЛИШЕР', 28, 11, 14, 0, 0, 0, ''),
(516, 'КАБДУГАЛИЕВ', '', 'ЭЛЬДАР', 28, 11, 14, 0, 0, 0, ''),
(517, 'МАРАТОВ', '', 'МАГЖАН', 28, 11, 14, 120, 0, 0, ''),
(518, 'МУРАТ', '', 'МЕРУЕРТ', 28, 11, 14, 0, 0, 0, ''),
(519, 'ОНАЙБЕКОВА', '', 'АКЖУНИС', 28, 11, 14, 420, 0, 0, ''),
(520, 'ОРБОЛАТОВА', '', 'НУРЖАНАР', 28, 11, 14, 0, 0, 0, ''),
(521, 'САЙЛАУ', '', 'СУЛТАН', 28, 11, 14, 0, 0, 0, ''),
(522, 'САПАРГАЛИЕВ', '', 'ЖАНДАРБЕК', 28, 11, 14, 0, 0, 0, ''),
(523, 'САРСЕНГАЛИЕВ', '', 'ДАМИР', 28, 11, 14, 0, 0, 0, ''),
(524, 'ТЕМИРХАНОВА', '', 'ФАРИЗА', 28, 11, 14, 0, 0, 0, ''),
(525, 'ТЕМИРЕШ', '', 'АРУЖАН', 28, 11, 14, 0, 0, 0, ''),
(526, 'ТУЛЕГЕНОВА', '', 'АСЕМ', 28, 11, 14, 0, 0, 0, ''),
(527, 'ХАСАЙНОВА', '', 'АЙЖАН', 28, 11, 14, 0, 0, 0, ''),
(528, 'ХАСАНГАЛИЕВ', '', 'ИСЛАМ', 28, 11, 14, 0, 0, 0, ''),
(529, 'БИСЕНОВА', '', 'АЛТЫНАЙЫМ', 17, 11, 10, 0, 0, 0, ''),
(530, 'БУЛАТОВ', '', 'ТИМУР', 17, 11, 10, 0, 0, 0, ''),
(531, 'ВОЛКОГОН', '', 'АЛЕКСАНДР', 17, 11, 10, 120, 0, 0, ''),
(532, 'ГАБИТОВ', '', 'ТАИР', 17, 11, 10, 240, 0, 0, ''),
(533, 'ГУСМАНОВ', '', 'ХАМИТ', 17, 11, 10, 40, 0, 0, ''),
(534, 'ДАВЛЕТОВА', '', 'РИММА', 17, 11, 10, 0, 0, 0, ''),
(535, 'ЕРЕМЕШЕВА', '', 'ДАЯНА', 17, 11, 10, 0, 0, 0, ''),
(536, 'ЕРКИНУЛЫ', '', 'ЕРГЕН', 17, 11, 10, 360, 0, 0, ''),
(537, 'ИГЕЛЬМАНОВА', '', 'АНЕЛЯ', 17, 11, 10, 0, 0, 0, ''),
(538, 'ИКСАНОВА', '', 'ДИЛЬНАЗ', 17, 11, 10, 0, 0, 0, ''),
(539, 'КАНИЕВА', '', 'НАРГИЗ', 17, 11, 10, 0, 0, 0, ''),
(540, 'КАРИН', '', 'АЛЬНУР', 17, 11, 10, 0, 0, 0, ''),
(541, 'МУРЗАШЕВ', '', 'КАРИМ', 17, 11, 10, 0, 0, 0, ''),
(542, 'МУСИН', '', 'АБЫЛАЙ', 17, 11, 10, 120, 0, 0, ''),
(543, 'МУСТАФИЕВ', '', 'ДИАС', 17, 11, 10, 80, 0, 0, ''),
(544, 'МУТТАИРОВА', '', 'ФАТИМА', 17, 11, 10, 960, 0, 0, ''),
(545, 'МУХАЛЁВ', '', 'СЕРГЕЙ', 17, 11, 10, 0, 0, 0, ''),
(546, 'НАЖИЕВА', '', 'АЛЬБИНА', 17, 11, 10, 120, 0, 0, ''),
(547, 'САРСЕНБЕКОВ', '', 'НАДИР', 17, 11, 10, 0, 0, 0, ''),
(548, 'ТАЛАН', '', 'АЙНЭЛЯ', 17, 11, 10, 0, 0, 0, ''),
(549, 'УТЕГЕНОВ', '', 'АЗАТ', 17, 11, 10, 0, 0, 0, ''),
(550, 'ХАИРОВА', '', 'АИДА', 17, 11, 10, 240, 0, 0, ''),
(551, 'ХУСПАНОВА', '', 'ЯСМИНА', 17, 11, 10, 0, 0, 0, ''),
(552, 'АМАНГЕЛДИЕВА', '', 'АРУЖАН', 12, 11, 8, 0, 0, 0, ''),
(553, 'АХМЕТОВА', '', 'МИРА', 12, 11, 8, 0, 0, 0, ''),
(554, 'БАЗАРБАЕВ', '', 'АМИР', 12, 11, 8, 0, 0, 0, ''),
(555, 'БЕРДИКУЛОВА', '', 'МАЛИКА', 12, 11, 8, 0, 0, 0, ''),
(556, 'ГУМАРОВ', '', 'ИБРАГИМ', 12, 11, 8, 0, 0, 0, ''),
(557, 'ДОСКЕНОВ', '', 'БАТЫРХАН', 12, 11, 8, 0, 0, 0, ''),
(558, 'ЖИЕНБАЕВА', '', 'ДИЛЬНАЗ', 12, 11, 8, 0, 0, 0, ''),
(559, 'ЗАПРОМЁТОВ', '', 'ВЛАДИСЛАВ', 12, 11, 8, 900, 0, 0, ''),
(560, 'КИМ', '', 'МАКСИМ', 12, 11, 8, 0, 0, 0, ''),
(561, 'МЕЛЬНИЧЕНКО', '', 'АНДРЕЙ', 12, 11, 8, 0, 0, 0, ''),
(562, 'МУКАНОВ', '', 'АРЫСТАН', 12, 11, 8, 0, 0, 0, ''),
(563, 'МУКАТОВ', '', 'РАХАТ', 12, 11, 8, 0, 0, 0, ''),
(564, 'САГАТОВ', '', 'ДИАС', 12, 11, 8, 900, 0, 0, ''),
(565, 'ТЕМИРБЕКОВА', '', 'АЛИНА', 12, 11, 8, 240, 0, 0, ''),
(566, 'ШАЙМУХАНОВА', '', 'МАДИНА', 12, 11, 8, 0, 0, 0, ''),
(567, 'АЙТУГАНОВА', '', 'АИДА', 10, 12, 7, 0, 0, 0, ''),
(568, 'АЛИБЕКОВ', '', 'КАДЫРБЕК', 10, 12, 7, 0, 0, 0, ''),
(569, 'АСЫЛБЕКОВА', '', 'АЙСАУЛЕ', 10, 12, 7, 0, 0, 0, ''),
(570, 'БАЙМАГАНБЕТОВ', '', 'АНСАР', 10, 12, 7, 0, 0, 0, ''),
(571, 'БЕРНИЯЗОВА', '', 'БИБИНУР', 10, 12, 7, 0, 0, 0, ''),
(572, 'БУЛАТОВ', '', 'БЕКЗАТ', 10, 12, 7, 70, 0, 0, ''),
(573, 'ГИНАЯТОВА', '', 'АЙГЕРИМ', 10, 12, 7, 0, 0, 0, ''),
(574, 'ГУМАРОВА', '', 'АСЕМ', 10, 12, 7, 270, 0, 0, ''),
(575, 'ДЕМЕШ', '', 'АДИЛЕТ', 10, 12, 7, 0, 0, 0, ''),
(576, 'ДЖУМАГАЗИЕВА', '', 'ГУЛЬНУР', 10, 12, 7, 0, 0, 0, ''),
(577, 'ЕДИГЕ', '', 'АЛЬБИНА', 10, 12, 7, 0, 0, 0, ''),
(578, 'ЖАМАШЕВ', '', 'ЕРЖАН', 10, 12, 7, 1260, 0, 0, ''),
(579, 'ЖАМБОТЫРОВА', '', 'АЙНЕЛЯ', 10, 12, 7, 0, 0, 0, ''),
(580, 'ИГАМБЕРГЕНОВА', '', 'КАМИЛА', 10, 12, 7, 0, 0, 0, ''),
(581, 'КУАНОВА', '', 'ДИЛЬНАЗ', 10, 12, 7, 150, 0, 0, ''),
(582, 'КУРМАТОВ', '', 'КАНАТБАЙ', 10, 12, 7, 0, 0, 0, ''),
(583, 'САПАРОВА', '', 'АРУЖАН', 10, 12, 7, 240, 0, 0, ''),
(584, 'САРСЕНГАЛИЕВ', '', 'АКЫЛБЕК', 10, 12, 7, 0, 0, 0, ''),
(585, 'СУЛТАН', '', 'АРУЖАН', 10, 12, 7, 0, 0, 0, ''),
(586, 'ШАПКЕНОВА', '', 'АЛЬБИНА', 10, 12, 7, 0, 0, 0, ''),
(587, 'АЗАНГАЛИЕВ', '', 'АРНУР', 2, 12, 2, 0, 0, 0, ''),
(588, 'АМАНГЕЛДИ', '', 'АЛЬНУРА', 2, 12, 2, 0, 0, 0, ''),
(589, 'АНУАРОВА', '', 'АРУЖАН', 2, 12, 2, 0, 0, 0, ''),
(590, 'БАКТЫГАЛИЕВ', '', 'ДАМИР', 2, 12, 2, 120, 0, 0, ''),
(591, 'ЕСЕНГАЗИЕВА', '', 'КАРИНА', 2, 12, 2, 0, 0, 0, ''),
(592, 'ЕСЕНГЕЛЬДИН', '', 'АЛИ', 2, 12, 2, 240, 0, 0, ''),
(593, 'ИЗБАСАРОВА', '', 'ШЫНАР', 2, 12, 2, 0, 0, 0, ''),
(594, 'КАДЫРГАЛЕЕВА', '', 'ЧИНАРА', 2, 12, 2, 60, 0, 0, ''),
(595, 'КАЛИЕВА', '', 'АЛЬМИРА', 2, 12, 2, 0, 0, 0, ''),
(596, 'КАЛИЕВ', '', 'КУАНЫШ', 2, 12, 2, 400, 0, 0, ''),
(597, 'КЕНЕСОВ', '', 'АЛИХАН', 2, 12, 2, 240, 0, 0, ''),
(598, 'ЛУКМАНОВ', '', 'МАДИ', 2, 12, 2, 1170, 0, 0, ''),
(599, 'МЕНДЫГАЛИЕВ', '', 'НУРЛАН', 2, 12, 2, 0, 0, 0, ''),
(600, 'МУКАНОВА', '', 'ФАРИДА', 2, 12, 2, 0, 0, 0, ''),
(601, 'САТКАН', '', 'АРУЖАН', 2, 12, 2, 0, 0, 0, ''),
(602, 'СЕБЕПКАЛИЕВА', '', 'НАРГИЗА', 2, 12, 2, 0, 0, 0, ''),
(603, 'УРАЗОВА', '', 'АСЫЛЗАДА', 2, 12, 2, 240, 0, 0, ''),
(604, 'ХАМИТОВА', '', 'АДЕМИ', 2, 12, 2, 0, 0, 0, ''),
(605, 'АБУБАКИРОВА', '', 'АЛИНА', 29, 12, 14, 0, 0, 0, ''),
(606, 'АГАДИЛОВА', '', 'КАМИЛА', 29, 12, 14, 0, 0, 0, ''),
(607, 'АЛДИБАЕВА', '', 'АНЕЛЬ', 29, 12, 14, 0, 0, 0, ''),
(608, 'БЕГАЛИЕВ', '', 'ДАНЕЛ', 29, 12, 14, 0, 0, 0, ''),
(609, 'ДЖАНИКЕШЕВА', '', 'ЛАУРА', 29, 12, 14, 0, 0, 0, ''),
(610, 'КАБДРАХИМОВА', '', 'АЙНА', 29, 12, 14, 0, 0, 0, ''),
(611, 'КАЛДЫБАЕВА', '', 'АЯЖАН', 29, 12, 14, 0, 0, 0, ''),
(612, 'КУЛЬБАРАКОВА', '', 'ЛАУРА', 29, 12, 14, 0, 0, 0, ''),
(613, 'КУАНЫШКАЛИЕВ', '', 'БЕКСЛАН', 29, 12, 14, 0, 0, 0, ''),
(614, 'НУРПЕИСОВА', '', 'АЙГЕРИМ', 29, 12, 14, 0, 0, 0, ''),
(615, 'РАМАЗАНОВ', '', 'ЭМИЛЬ', 29, 12, 14, 0, 0, 0, ''),
(616, 'РАХИМОВА', '', 'МЕРУЕРТ', 29, 12, 14, 180, 0, 0, ''),
(617, 'СУЛЕЙМЕНОВ', '', 'ЧИНГИЗ', 29, 12, 14, 0, 0, 0, ''),
(618, 'ТУЯКОВА', '', 'АЙША', 29, 12, 14, 0, 0, 0, ''),
(619, 'УСПАНОВА', '', 'ГАУХАР', 29, 12, 14, 0, 0, 0, ''),
(620, 'ХАБИЕВ', '', 'ЖАНГИРХАН', 29, 12, 14, 0, 0, 0, ''),
(621, 'ШУРАБАЕВА', '', 'МАРИЯМ', 29, 12, 14, 0, 0, 0, ''),
(622, 'АБАТОВ', '', 'САНЖАР', 4, 12, 4, 0, 0, 0, ''),
(623, 'АБДУЛЛИЕВА', '', 'ЗАРИНА', 4, 12, 4, 0, 0, 0, ''),
(624, 'АХМЕТКАЛИ', '', 'АЙНУР', 4, 12, 4, 0, 0, 0, ''),
(625, 'БАКЫТЖАНОВА', '', 'КАМИЛА', 4, 12, 4, 0, 0, 0, ''),
(626, 'ВАЛЕНТЕ', '', 'МИЛЕНА', 4, 12, 4, 0, 0, 0, ''),
(627, 'ВИХОРЕВ', '', 'ТИМУР', 4, 12, 4, 0, 0, 0, ''),
(628, 'ДЖУБАЕВА', '', 'ЛИЛИЯ', 4, 12, 4, 0, 0, 0, ''),
(629, 'ДОЩАНОВА', '', 'АЛЬБИНА', 4, 12, 4, 0, 0, 0, ''),
(630, 'ЛЕБЕДИНСКАЯ', '', 'МАРГАРИТА', 4, 12, 4, 0, 0, 0, ''),
(631, 'МУРЗАГУЛОВА', '', 'СВЕТЛАНА', 4, 12, 4, 0, 0, 0, ''),
(632, 'ПЛОТНИКОВА', '', 'ДАРЬЯ', 4, 12, 4, 0, 0, 0, ''),
(633, 'СТЕНИН', '', 'ГЛЕБ', 4, 12, 4, 0, 0, 0, ''),
(634, 'ТАЖИЕВА', '', 'АИДА', 4, 12, 4, 0, 0, 0, ''),
(635, 'ТУЛЕПКАЛИЕВ', '', 'АСЛАМБЕК', 4, 12, 4, 0, 0, 0, '');

-- --------------------------------------------------------

--
-- Структура таблицы `types`
--

CREATE TABLE `types` (
  `id` int(11) NOT NULL,
  `type` varchar(100) COLLATE utf8mb4_unicode_ci NOT NULL,
  `coefficient` float NOT NULL
) ENGINE=InnoDB DEFAULT CHARSET=utf8mb4 COLLATE=utf8mb4_unicode_ci;

--
-- Дамп данных таблицы `types`
--

INSERT INTO `types` (`id`, `type`, `coefficient`) VALUES
(1, 'Предметный/Проектный', 3),
(2, 'Робототехника/Искусство/Спорт', 2),
(3, 'Остальное', 1);

-- --------------------------------------------------------

--
-- Структура таблицы `users`
--

CREATE TABLE `users` (
  `id` int(11) NOT NULL,
  `login` varchar(50) NOT NULL,
  `password` varchar(300) NOT NULL,
  `role` int(11) NOT NULL DEFAULT 2,
  `avatar` varchar(300) DEFAULT NULL,
  `shanyrak` int(11) NOT NULL
) ENGINE=InnoDB DEFAULT CHARSET=utf8mb3;

--
-- Дамп данных таблицы `users`
--

INSERT INTO `users` (`id`, `login`, `password`, `role`, `avatar`, `shanyrak`) VALUES
(1, 'donu', '$2y$10$uoislYKl/9/DbiMDmT/yIe9t9NZ212y0aiJ8hMethhs1VZXra53fW', 1, 'doni.jpg', 2),
(9, 'akyl', '$2y$10$6mSw5GN16Pk//WlzIm/z6e6cASO.pW3MSGHFSdEPD7Fj2tYppc2N2', 2, NULL, 1),
(12, 'Aqjayiq_Leader', '$2y$10$UOTZ//l7ITmWcYQLeWZG1ebUNp5gARSGsGKM/rupTLgRkvpzorN8C', 2, NULL, 4),
(14, 'Alataw_Leader', '$2y$10$odxroYkwz9BB4XS4fvpkUuTDSo0/IuIsNkKvBcVdTcBMBUqypfSPa', 2, NULL, 5),
(16, 'Alac_Leader', '$2y$10$09.rxD4LLs3LdjPJW9JTKe3mRRteFI.6CtLTaXORWxVEFYL74WOZ6', 2, NULL, 6),
(18, 'Aris_Leader', '$2y$10$b8uo6QjnUv.2paPbc/Q/XuB0HgNDddVSVMYK37Cgs6YjxNGgjB4qK', 2, NULL, 7),
(20, 'Atameken_Leader', '$2y$10$VUMiaEQXmdxET8HuYiMcyuynwTlzehLvV4fzctkFLW/Rsjtx3EH4u', 2, NULL, 8),
(22, 'Bayqonir_Leader', '$2y$10$vvftpWTlJfQGePA9eJ/5venHYdszFnauN8Om6.H92SnLQkPEbOsKC', 2, NULL, 9),
(23, 'Bayterek_Leader', '$2y$10$XohHjXn4ze3xFAmWuAHop.XCZeVfRUbjpx6rB85oELIUK7HLHn.Om', 2, NULL, 10),
(24, 'Jetisuw_Leader', '$2y$10$O2FYRrhk4hggF7YOFfHpuuxcnhRzkKBUwUC1I0zEbYe/xS..lSJ.2', 2, NULL, 3),
(25, 'Kaspiy_Leader', '$2y$10$woM9N0ZMsnb49nViYpNtku.Zl0ST/4efYi7knENLP1aCS0VHTw1LG', 2, NULL, 2),
(26, 'Oqjetpes_Leader', '$2y$10$RJt9ES4lMdJdcJT8E.hGb.zIwwcGYONgArWW8upFNAS4A3KzHamtW', 2, NULL, 11),
(27, 'Orda_Leader', '$2y$10$DDZH/OkHMrwcLGxBTMVGwepfO4.WRNrtnqEqVHnpC7234KELxshi6', 2, NULL, 12),
(28, 'Samuriq_Leader', '$2y$10$4uCChl6/OVEs7gNhtzpgn.862MuLOdvEt0WcRLyyOAGQJ8Y05U.6W', 2, NULL, 13),
(29, 'Sariarqa_Leader', '$2y$10$qmqZSsBUZZN6nAZZdGy4betA4cLU2CURvG4MlugGInJLFAQM4X2gm', 2, NULL, 1),
(30, 'Tulpar_Leader', '$2y$10$hnec4VyPcxfUMnK2FaR9tu9OwwPTMOrSgRLgj7nrgw1iMeBGvW5lG', 2, NULL, 14),
(31, 'HanTaniri_Leader', '$2y$10$1nkx6.5HLuEBCuyZaAggEuLDEGL2wMhgxkLPykm90g9aaMLrK/2/e', 2, NULL, 15),
(33, 'Vice', '$2y$10$Jhd.SJgmIszgnR4BL8xmHuCTJXIiAJE14DbxcY1kdQych950SnWWe', 2, NULL, 9),
(34, 'zack', '$2y$10$Owb8eySQi05Dh9VdYOQIKee.agqaQ0Os97w99hXROYgMHDUscRavq', 1, NULL, 3),
(37, 'Admin', '$2y$10$BEeR7eJg5FnKF/KvXrIMl.QMAIGreNNen7sc3kljyMks6oNKrMRtm', 1, NULL, 15),
(38, 'tes', '$2y$10$zs4tdsHuAUzEnxHZly6Nae7k0zrtIaTUPBuMMw5jPkQxpfzxDmj5S', 2, NULL, 1),
(39, '1234567', '$2y$10$indLmS2moza6/FBiVJpFv.pfrpRA79SJIRR5aPogmRe7uGYoXTYUu', 1, NULL, 1),
(40, '159465', '$2y$10$VBJ7GEYdJ/QillaWcSwJ0eCDzaKpC3bWGKTjd1FnE7a2x.bGwHZ5S', 1, NULL, 1),
(41, '15946455', '$2y$10$ENgvjnw1mqvCzth9eY2Kuetwhv0BbMJRshj5fXCc73CtLLl7sneue', 1, NULL, 1);

--
-- Индексы сохранённых таблиц
--

--
-- Индексы таблицы `actions`
--
ALTER TABLE `actions`
  ADD PRIMARY KEY (`id`);

--
-- Индексы таблицы `categories`
--
ALTER TABLE `categories`
  ADD PRIMARY KEY (`id`);

--
-- Индексы таблицы `grades`
--
ALTER TABLE `grades`
  ADD PRIMARY KEY (`id`);

--
-- Индексы таблицы `history`
--
ALTER TABLE `history`
  ADD PRIMARY KEY (`id`);

--
-- Индексы таблицы `places`
--
ALTER TABLE `places`
  ADD PRIMARY KEY (`id`);

--
-- Индексы таблицы `points`
--
ALTER TABLE `points`
  ADD PRIMARY KEY (`id`);

--
-- Индексы таблицы `roles`
--
ALTER TABLE `roles`
  ADD PRIMARY KEY (`id`);

--
-- Индексы таблицы `shanyraks`
--
ALTER TABLE `shanyraks`
  ADD PRIMARY KEY (`id`);

--
-- Индексы таблицы `statuses`
--
ALTER TABLE `statuses`
  ADD PRIMARY KEY (`id`);

--
-- Индексы таблицы `students`
--
ALTER TABLE `students`
  ADD PRIMARY KEY (`id`);

--
-- Индексы таблицы `types`
--
ALTER TABLE `types`
  ADD PRIMARY KEY (`id`);

--
-- Индексы таблицы `users`
--
ALTER TABLE `users`
  ADD PRIMARY KEY (`id`),
  ADD KEY `role` (`role`);

--
-- AUTO_INCREMENT для сохранённых таблиц
--

--
-- AUTO_INCREMENT для таблицы `actions`
--
ALTER TABLE `actions`
  MODIFY `id` int(11) NOT NULL AUTO_INCREMENT, AUTO_INCREMENT=9;

--
-- AUTO_INCREMENT для таблицы `categories`
--
ALTER TABLE `categories`
  MODIFY `id` int(11) NOT NULL AUTO_INCREMENT, AUTO_INCREMENT=9;

--
-- AUTO_INCREMENT для таблицы `grades`
--
ALTER TABLE `grades`
  MODIFY `id` int(11) NOT NULL AUTO_INCREMENT, AUTO_INCREMENT=32;

--
-- AUTO_INCREMENT для таблицы `history`
--
ALTER TABLE `history`
  MODIFY `id` int(11) NOT NULL AUTO_INCREMENT, AUTO_INCREMENT=852;

--
-- AUTO_INCREMENT для таблицы `places`
--
ALTER TABLE `places`
  MODIFY `id` int(11) NOT NULL AUTO_INCREMENT, AUTO_INCREMENT=6;

--
-- AUTO_INCREMENT для таблицы `points`
--
ALTER TABLE `points`
  MODIFY `id` int(11) NOT NULL AUTO_INCREMENT, AUTO_INCREMENT=400;

--
-- AUTO_INCREMENT для таблицы `roles`
--
ALTER TABLE `roles`
  MODIFY `id` int(11) NOT NULL AUTO_INCREMENT, AUTO_INCREMENT=3;

--
-- AUTO_INCREMENT для таблицы `shanyraks`
--
ALTER TABLE `shanyraks`
  MODIFY `id` int(11) NOT NULL AUTO_INCREMENT, AUTO_INCREMENT=16;

--
-- AUTO_INCREMENT для таблицы `statuses`
--
ALTER TABLE `statuses`
  MODIFY `id` int(11) NOT NULL AUTO_INCREMENT, AUTO_INCREMENT=4;

--
-- AUTO_INCREMENT для таблицы `students`
--
ALTER TABLE `students`
  MODIFY `id` int(11) NOT NULL AUTO_INCREMENT, AUTO_INCREMENT=6351;

--
-- AUTO_INCREMENT для таблицы `types`
--
ALTER TABLE `types`
  MODIFY `id` int(11) NOT NULL AUTO_INCREMENT, AUTO_INCREMENT=4;

--
-- AUTO_INCREMENT для таблицы `users`
--
ALTER TABLE `users`
  MODIFY `id` int(11) NOT NULL AUTO_INCREMENT, AUTO_INCREMENT=42;
COMMIT;

/*!40101 SET CHARACTER_SET_CLIENT=@OLD_CHARACTER_SET_CLIENT */;
/*!40101 SET CHARACTER_SET_RESULTS=@OLD_CHARACTER_SET_RESULTS */;
/*!40101 SET COLLATION_CONNECTION=@OLD_COLLATION_CONNECTION */;
